domain,company_name,contact_name,contact_title
dallasdossier.org,The Absolute Best Med Spas in Dallas [Updated 2026],,Owner
rejuvemedspa.com,Premier Medical Spa In Dallas,,Owner
marasmedspa.com,Best Med Spa in,,Owner
dallasnav.com,The Absolute Best Med Spa in Dallas [Updated 2026],,Owner
sanjivamedspa.com,Sanjiva Med Spa,,Owner
spainthecitydallas.com,Medical Spa in Dallas,,Owner
medspasguide.com,Medical Spas in dallas,,Owner
medspaofdallas.com,Medspa of,,Owner
secretmedspa.com,Dallas,,Owner
personamedicalspa.com,Houston's Top Med Spa,,Owner
htxmdspa.com,Home Page,,Owner
houstonhits.com,Houston's Best Med Spa Spots [2026 Guide],,Owner
tlcmedspahouston.com,MedSpa Near Me in Houston,,Owner
mediwellhealthclinic.com,Luxury Medical Spa in,,Owner
montrosemedspa.com,MONTROSE MED SPA,,Owner
tulumwellness.com,Tulum Wellness Spa,,Owner
austinmedspa.com,Austin Med Spa,,Owner
mauimedspa.com,Full-Service Medical Spa in Austin,,Owner
themedspaaustin.com,Top Med Spa Austin,,Owner
vivadayspa.com,Viva Day Spa + Med Spa,,Owner
musemedspaaustin.com,Med Spa,,Owner
transformaustinmedspa.com,Transform Austin Med Spa,,Owner
glomedspaaustin.com,Best Medical Spa in Austin,,Owner
