company_name,domain,contact_name,contact_title,matched_case_study,match_reason,subject,body,personalization_hook,sender_email,sender_name
PDS Health,pacificdentalservices.com,,,Arik L's Med Spa,"PDS Health (Pacific Dental Services) is a large dental support organization managing multiple clinic locations, making it highly similar to a multi-location aesthetic/health clinic in terms of appointment volume, inbound call load, and lead follow-up challenges. Arik's med spa case study mirrors the core pain points dental groups face — missed calls, slow lead response, and staff stretched thin on manual outreach.","How a health clinic answered 2,500+ calls in a month without adding staff","Hi PDS Health team,

We recently helped a health clinic recover 30%+ of missed calls and increase booked appointments by 15-20% — without hiring additional front desk staff. Their AI Receptionist answered every inbound call 24/7 and followed up on new leads within 2 minutes.

For a dental group managing patient inquiries and appointment volume across multiple locations, the same problem usually applies — calls get missed during busy hours, and leads go cold before anyone follows up.

We build AI Receptionists and Outbound Agents custom-fitted for health and dental clinics, integrating directly with your existing scheduling tools.

Would you be open to a quick 15-minute call to see if it's a fit for your team?

Book here: calendly.com/realsideai

Dylan Mitchell
dylan.realside@gmail.com",Referenced PDS Health's multi-location dental group structure (inferred from the Pacific Dental Services brand and domain) to draw a direct parallel to the high inbound call volume and appointment booking challenges seen in the med spa case study — making the pain point immediately recognizable to a dental operations team.,dylan.realside@gmail.com,Dylan Mitchell
Dental Care Alliance,dentalcarealliance.com,,,Arik L's Med Spa,"Like DCA's 390+ affiliated dental practices, Arik's med spa is a multi-location health services business where missed inbound calls and slow lead follow-up directly cost revenue. The pain points of manual outreach, missed appointments, and unconverted leads map directly to the operational challenges facing a DSO coordinating patient intake across dozens of practices.",How a health clinic recovered 30% of missed calls (relevant for DCA),"Hi DCA team,

We recently helped a health clinic recover 30%+ of missed calls and increase booked appointments by 15–20% — without hiring additional staff. Their biggest issue was simple: calls went unanswered during busy hours and new leads weren't followed up fast enough.

That's a challenge that scales quickly across a network like yours. With 390+ affiliated practices, even a small gap in call coverage or patient follow-up across locations adds up to a significant number of missed appointments every month.

We build AI Receptionists that answer calls 24/7, book appointments, and follow up on missed inquiries automatically — custom-built for healthcare practices.

Would you be open to a 15-minute call to see if it's a fit for DCA's practices?

Dylan Mitchell
dylan.realside@gmail.com
calendly.com/realsideai","Referenced DCA's portfolio of 390+ affiliated dental practices across three specialty divisions — highlighting how missed call and follow-up gaps compound at scale across a large, distributed network of practices.",dylan.realside@gmail.com,Dylan Mitchell
Heartland Dental,heartland.com,,,Arik L's Med Spa,"Heartland Dental operates 1,900 supported dental offices across 39 states with 3,100 supported doctors — a high-volume, appointment-driven healthcare services organization that faces the same inbound call management and lead follow-up challenges as a med spa. The pain points around missed calls, slow response times, and manual appointment booking map directly to a multi-location dental support organization at Heartland's scale.",How a health clinic recovered 30%+ of missed calls (relevant for Heartland),"Hi Heartland Dental team,

We recently helped a healthcare clinic recover 30%+ of previously missed calls and increase booked appointments by 15-20% — without adding any front desk staff.

With 1,900 supported offices across 39 states, even a small gap in call coverage or appointment follow-up across your network adds up to a significant number of patients who never get booked.

We build AI Receptionists that answer every inbound call 24/7, book appointments, and follow up on missed calls automatically — custom-built for multi-location healthcare operations.

Would you be open to a quick 15-minute call to see if this could be a fit for Heartland's supported offices?

Dylan Mitchell
dylan.realside@gmail.com
calendly.com/realsideai","Referenced Heartland's scale of 1,900 supported offices across 39 states to quantify why even a modest improvement in call coverage and appointment booking represents an outsized operational win across their distributed network.",dylan.realside@gmail.com,Dylan Mitchell
Aspen Dental,aspendental.com,,,Arik L's Med Spa,"Aspen Dental is a large multi-location dental services organization — a high-volume, appointment-driven healthcare business where missed calls and slow lead follow-up directly translate to lost patients and revenue. Arik's med spa case study mirrors this model closely, with the same inbound call overflow and lead conversion challenges that dental groups consistently face at scale.",How a clinic recovered 30% of missed calls (relevant for Aspen Dental),"Hi Aspen Dental team,

We recently helped a med spa answer 2,500+ calls in a single month using an AI receptionist — recovering 30% of previously missed calls and increasing booked appointments by 15-20%, without adding headcount.

Dental practices deal with the same bottleneck: front desk staff get overwhelmed, calls go unanswered during peak hours, and patients simply book somewhere else.

We build AI receptionists that answer every inbound call 24/7, book appointments, handle FAQs, and follow up on missed calls — fully integrated with your existing systems.

Would you be open to a quick 15-minute call to see if it's a fit for your locations?

Dylan Mitchell
dylan.realside@gmail.com
calendly.com/realsideai",Aspen Dental operates a large network of dental offices where front desk capacity and patient scheduling volume are known operational pressure points — this was used to directly mirror the missed-call and appointment-loss pain from Arik's case study.,dylan.realside@gmail.com,Dylan Mitchell
Affordable Care,affordablecare.com,,,Arik L's Med Spa,"Affordable Care operates ~425 dental practices across the U.S. with a centralized call center handling patient services, appointment scheduling, and follow-ups — nearly identical operational structure to a high-volume health clinic. The pain points around missed inbound calls, slow lead response, and manual follow-up directly mirror the challenges Affordable Care's affiliated practices face at scale.",How a health clinic recovered 30%+ of missed calls (relevant for your 425 practices),"Hi Affordable Care team,

We helped a health clinic answer 2,500+ calls in a single month using an AI receptionist — recovering 30% of previously missed calls and increasing booked appointments by 15-20%, without adding staff.

Your website mentions that patient services support, including call handling and appointment scheduling, is a core part of what you provide to affiliated dentists across ~425 practices. At that scale, even a small percentage of missed or slow-handled calls adds up to a significant number of patients who never book.

Realside AI builds AI receptionists that answer every inbound call 24/7, book appointments, and follow up on missed calls automatically — custom-built for each practice.

Would you have 15 minutes this week to see if it's a fit?

Dylan Mitchell
dylan.realside@gmail.com
calendly.com/realsideai","Referenced Affordable Care's centralized patient services support model and their ~425 affiliated practices specifically — framing missed calls as a compounding, network-wide revenue problem rather than a single-location issue, which matches their scale and operational focus.",dylan.realside@gmail.com,Dylan Mitchell
