competitor,pain_point,prospect_company,prospect_contact,subject,body,personalization_hook,sender_email,sender_name
Synthflow,"Synthflow's AI voice agents are often reported as sounding robotic and unnatural, leading to poor patient experiences and high call abandonment rates — a critical issue for dental and healthcare groups where trust and tone matter.",PDS Health,Unknown,"When your AI receptionist sounds robotic, patients hang up","Hi [Name],

Patients calling a dental office expect warmth — not a voice that sounds like a chatbot.

Many practices using AI phone tools have found that unnatural-sounding agents actually hurt conversion, with patients hanging up before booking.

At Realside AI, we build custom AI Receptionists specifically for healthcare groups like PDS Health — natural-sounding, 24/7, booking appointments, handling FAQs, and recovering 20–40% of missed calls.

We integrate directly with your existing scheduling systems and configure the voice and flow around your patient experience standards.

Would you be open to a quick 15-minute call to see how it works?

Book here: calendly.com/realsideai

Best,
Dylan Mitchell
dylan.realside@gmail.com",Targets PDS Health's scale and patient experience standards by positioning natural-sounding AI as a direct fix to robotic voice agent churn.,dylan.realside@gmail.com,Dylan Mitchell
Synthflow,"Synthflow users frequently report limited or unreliable integration with healthcare and wellness scheduling platforms, forcing manual workarounds that defeat the purpose of automation — a major operational burden for large DSOs.",Dental Care Alliance,Unknown,Still manually fixing AI scheduling errors at your front desks?,"Hi [Name],

For a dental support organization managing dozens of locations, AI tools that don't sync properly with your scheduling stack create more work — not less.

We've heard from practices that certain AI platforms require constant manual intervention to keep bookings accurate across locations.

Realside AI builds AI Receptionists and Outbound Agents custom-configured for multi-location dental groups — with deep integrations into scheduling platforms, automatic appointment booking, and missed call recovery that adds 10–25% more bookings per location.

No duct-tape workarounds. Just a system built for how you actually operate.

Could we grab 15 minutes to walk you through it?

Book here: calendly.com/realsideai

Best,
Dylan Mitchell
dylan.realside@gmail.com",Addresses Dental Care Alliance's multi-location complexity by positioning Realside's custom integration approach as a direct contrast to unreliable out-of-the-box AI tools.,dylan.realside@gmail.com,Dylan Mitchell
Synthflow,"Synthflow is often criticized for slow or poor customer support and limited onboarding — leaving practices without help when the AI mishandles calls, which is especially damaging for high-volume dental groups.",Heartland Dental,Unknown,Your AI receptionist shouldn't come with a support ticket backlog,"Hi [Name],

When an AI phone agent mishandles a patient call, every hour without a fix is a lost appointment.

A common frustration with AI voice tools is slow support response — leaving your front desk teams to manage the fallout while tickets sit open.

Realside AI takes a different approach: every AI Employee we build for dental groups like Heartland Dental is custom-configured, monitored, and supported directly by our team.

Our AI Inbound Receptionist recovers 20–40% of missed calls and adds real bookings — and when something needs tuning, we're on it fast.

Worth a 15-minute conversation?

Book here: calendly.com/realsideai

Best,
Dylan Mitchell
dylan.realside@gmail.com",Targets Heartland Dental's operational scale and need for reliability by contrasting Realside's hands-on support model against common AI vendor abandonment post-sale.,dylan.realside@gmail.com,Dylan Mitchell
Synthflow,"Synthflow's pricing and feature packaging are frequently cited as opaque and hard to scale — with costs rising unpredictably as call volume increases, creating budget uncertainty for large dental enterprises.",Aspen Dental,Unknown,"AI that gets more expensive as it ""works"" isn't really working","Hi [Name],

One pattern we see with growing dental enterprises: their AI phone tool starts reasonable, then costs spike as call volume scales — making ROI hard to justify.

Realside AI offers AI Receptionists and Outbound Agents built specifically for large dental groups like Aspen Dental, with transparent, predictable pricing starting at $2K.

Our AI handles inbound calls 24/7, books appointments, follows up on missed calls, and our Outbound Agent contacts new leads within 2 minutes — delivering 2–3x speed-to-lead conversion.

All custom-built for your clinics. No surprise overage fees.

Can we connect for 15 minutes to show you the model?

Book here: calendly.com/realsideai

Best,
Dylan Mitchell
dylan.realside@gmail.com",Speaks to Aspen Dental's enterprise scale and financial scrutiny by leading with pricing transparency as a competitive differentiator.,dylan.realside@gmail.com,Dylan Mitchell
Synthflow,"Synthflow users report that the AI struggles with complex, multi-turn conversations — such as handling patient objections, explaining treatment options, or re-engaging cold leads — resulting in dropped conversations and lost revenue opportunities.",Affordable Care,Unknown,AI that can't handle a patient objection is just an expensive voicemail,"Hi [Name],

For a value-focused dental brand like Affordable Care, converting every patient inquiry matters.

A common limitation of AI voice tools is that they fall apart the moment a conversation gets nuanced — a patient asks about cost, has a concern, or needs a little reassurance before booking.

Realside AI builds outbound and inbound AI Agents trained to handle real patient conversations — including re-engaging dormant leads in your CRM with a 5–15% reactivation rate and converting new ad leads within 2 minutes.

We custom-build for your patient profile and brand voice — so it actually sounds like your practice.

Would 15 minutes be worth it to see a live demo?

Book here: calendly.com/realsideai

Best,
Dylan Mitchell
dylan.realside@gmail.com",Aligns with Affordable Care's cost-conscious patient demographic by emphasizing conversational depth and lead reactivation as direct revenue recovery tools.,dylan.realside@gmail.com,Dylan Mitchell
GoodCall,"GoodCall's AI often struggles to handle complex or multi-step scheduling scenarios, leading to dropped calls, incomplete bookings, and frustrated patients who still can't get through to a live person when needed.",PDS Health,Unknown,Are incomplete bookings slipping through your phones at PDS Health?,"Hi there,

Managing inbound call volume across a large dental group is no small feat — especially when your AI receptionist can't reliably complete complex bookings or escalate to a live person at the right moment.

At Realside AI, we build AI Inbound Receptionists custom-fitted to multi-location dental groups like PDS Health. We handle 24/7 call answering, appointment booking, FAQs, missed call follow-up, and live transfers — recovering 20–40% of missed calls and adding 10–25% more bookings on average.

No rigid scripts. No dropped handoffs.

Would you be open to a 15-minute call to see how it works?

Book here: calendly.com/realsideai

Best,
Dylan Mitchell
dylan.realside@gmail.com","Targets PDS Health's likely frustration with incomplete or mishandled bookings at scale across multiple locations, positioning Realside's custom-built and live-transfer-capable AI as a more reliable alternative to GoodCall's rigid system.",dylan.realside@gmail.com,Dylan Mitchell
GoodCall,"GoodCall users frequently report that the system lacks meaningful CRM integration and follow-up capability, meaning new leads and dormant patients fall through the cracks with no automated re-engagement.",Dental Care Alliance,Unknown,How much revenue is sitting dormant in your patient database?,"Hi there,

For a network the size of Dental Care Alliance, the leads and lapsed patients sitting quietly in your CRM represent real recoverable revenue — but most AI phone tools stop at answering calls and never touch that list.

Realside AI's Outbound Agent automatically texts and calls dormant CRM leads, re-engages lapsed patients, and books appointments — with a 5–15% database reactivation rate. Paired with our 24/7 AI Inbound Receptionist, no opportunity goes untouched.

Custom-built for dental groups. Integrates with your existing tools.

I'd love to show you what this looks like for an alliance your size — can we grab 15 minutes?

Book here: calendly.com/realsideai

Best,
Dylan Mitchell
dylan.realside@gmail.com","Addresses Dental Care Alliance's likely gap in proactive outreach and CRM re-engagement, a known weakness of GoodCall's inbound-only focus, and positions Realside's outbound agent as unlocking dormant revenue at scale.",dylan.realside@gmail.com,Dylan Mitchell
GoodCall,"GoodCall is frequently cited for slow or poor response to new inbound leads from paid ads, causing a significant drop in speed-to-lead conversion — a critical metric for high-volume dental groups running active marketing campaigns.",Heartland Dental,Unknown,Heartland Dental: Are your ad leads being followed up within 2 minutes?,"Hi there,

Heartland Dental invests heavily in marketing — but if new leads aren't contacted within the first few minutes, conversion rates drop dramatically. Most AI tools aren't built to close that gap.

Realside AI's Outbound Agent contacts every new ad lead via call and text within 2 minutes, automatically books the appointment, and hands off to your team seamlessly. Our clients see 2–3x speed-to-lead conversion as a result.

We also offer a 24/7 AI Inbound Receptionist that ensures no call goes unanswered across your locations.

Custom-built. No generic scripts.

Could we get 15 minutes to walk through what this looks like for Heartland?

Book here: calendly.com/realsideai

Best,
Dylan Mitchell
dylan.realside@gmail.com","Leverages Heartland Dental's scale of marketing spend and the known GoodCall weakness around slow lead response time, positioning Realside's sub-2-minute outbound agent as a direct revenue multiplier on existing ad investment.",dylan.realside@gmail.com,Dylan Mitchell
GoodCall,"GoodCall users report a one-size-fits-all setup that doesn't adapt well to individual practice workflows, resulting in patient-facing errors, wrong information delivered, and staff having to manually correct or redo AI interactions.",Aspen Dental,Unknown,Is your AI receptionist actually trained on how Aspen Dental operates?,"Hi there,

Generic AI phone solutions can create as many problems as they solve — especially when they give patients incorrect information or can't handle the nuances of your specific scheduling workflows.

Realside AI builds fully custom AI Employees for each clinic we work with. Our Inbound Receptionist is trained on your FAQs, your booking rules, your locations — and escalates to a live transfer when needed. Clients recover 20–40% of missed calls and see 10–25% more bookings.

No off-the-shelf scripts. Built specifically for how Aspen Dental operates.

Worth 15 minutes to see the difference?

Book here: calendly.com/realsideai

Best,
Dylan Mitchell
dylan.realside@gmail.com","Directly counters GoodCall's known rigidity and generic setup by emphasizing Realside's custom-built approach, which resonates strongly for a brand like Aspen Dental that has standardized but nuanced patient workflows across hundreds of locations.",dylan.realside@gmail.com,Dylan Mitchell
GoodCall,"GoodCall customers often report limited visibility into call outcomes and booking performance, making it difficult for practice managers to measure ROI or identify where patient calls are being lost.",Affordable Care,Unknown,Do you know exactly how many patient calls Affordable Care is losing each week?,"Hi there,

For a group like Affordable Care, every unanswered or mishandled call is a patient — and potential revenue — lost. The challenge is most AI tools don't give you clear visibility into where those gaps are happening.

Realside AI's Inbound Receptionist answers every call 24/7, books appointments, follows up on missed calls, and provides reporting so you know exactly what's being recovered. Our clients add 10–25% more bookings on average.

We also offer an Outbound Agent to re-engage lapsed patients and new leads automatically.

Custom-built for your workflows. Starts at $2K.

Can we find 15 minutes to show you what this looks like for Affordable Care?

Book here: calendly.com/realsideai

Best,
Dylan Mitchell
dylan.realside@gmail.com","Targets Affordable Care's likely pain around lack of performance transparency with GoodCall, positioning Realside's reporting and measurable booking recovery as a clear accountability upgrade that speaks to cost-conscious, ROI-driven operators.",dylan.realside@gmail.com,Dylan Mitchell
Dialora,"Dialora's AI receptionist reportedly struggles with accurately capturing appointment details and integrating reliably with existing practice management systems, leading to booking errors and frustrated front-desk staff who must manually clean up mistakes.",PDS Health,Unknown,Fixing the gap between AI calls and accurate bookings at PDS Health,"Hi [Name],

Managing inbound call volume across a large multi-site group like PDS Health is no small feat — especially when AI tools don't reliably sync bookings into your practice management system.

At Realside AI, we build custom AI Inbound Receptionists that answer every call 24/7, book appointments accurately, and integrate directly with your existing systems — no manual cleanup required. Our clients typically recover 20–40% of previously missed calls and see 10–25% more bookings within the first 60 days.

We custom-build each deployment specifically for your workflows — not a one-size-fits-all install.

Would you be open to a 15-minute call this week to see if it's a fit for PDS Health?

Best,
Dylan Mitchell
Realside AI
dylan.realside@gmail.com
calendly.com/realsideai","Targets PDS Health's scale challenge — multi-site groups are especially exposed to booking sync errors across locations, making reliable integration a critical displacement angle.",dylan.realside@gmail.com,Dylan Mitchell
Dialora,"Dialora users commonly report that the AI struggles to handle complex or multi-step patient inquiries naturally, often failing to resolve calls without transferring to a human — negating much of the promised efficiency gain for busy dental groups.",Dental Care Alliance,Unknown,When your AI receptionist still sends every hard call to the front desk...,"Hi [Name],

For a network the size of Dental Care Alliance, an AI receptionist that escalates too many calls back to staff isn't saving time — it's adding a step.

Realside AI's Inbound Receptionist is built to handle FAQs, insurance questions, scheduling, and live transfers intelligently — so your front desk only touches the calls that truly need them. We also follow up on every missed call automatically.

Custom-built for your specific protocols. Integrates with Square, Jane, and MindBody. Clients average 10–25% more booked appointments in the first 60 days.

Could we find 15 minutes this week to walk through how this would work for your alliance?

Best,
Dylan Mitchell
Realside AI
dylan.realside@gmail.com
calendly.com/realsideai","Targets the efficiency paradox — large alliances like DCA invest in AI to reduce staff burden, so positioning Realside as genuinely resolving calls (not just routing them) is a sharp displacement angle.",dylan.realside@gmail.com,Dylan Mitchell
Dialora,"Dialora's outbound lead follow-up capabilities are reported as slow or limited, with new ad leads often sitting uncontacted for extended periods — causing DSOs to lose high-intent patients to competitors who respond faster.",Heartland Dental,Unknown,Heartland's ad leads deserve a 2-minute response — not a 2-hour one,"Hi [Name],

For a group Heartland's size running paid patient acquisition, speed-to-lead is everything. If a new inquiry sits for even 30 minutes, conversion rates drop dramatically.

Realside AI's Outbound Agent contacts new ad leads within 2 minutes — by call and text — books appointments automatically, and re-engages dormant CRM leads on autopilot. Our clients see 2–3x improvement in lead conversion and 5–15% database reactivation.

Custom-built for your workflows. No generic templates.

I'd love to show you exactly how this would plug into Heartland's current patient acquisition funnel. Are you open to 15 minutes this week?

Best,
Dylan Mitchell
Realside AI
dylan.realside@gmail.com
calendly.com/realsideai",Heartland Dental invests heavily in patient marketing — targeting their lead follow-up gap positions Realside's outbound agent as a direct revenue multiplier on existing ad spend.,dylan.realside@gmail.com,Dylan Mitchell
Dialora,"Dialora is frequently cited as feeling generic and not customizable enough for large DSO environments, with scripting that doesn't reflect brand voice or clinic-specific protocols — creating inconsistent patient experiences across locations.",Aspen Dental,Unknown,Your AI receptionist should sound like Aspen Dental — not a generic bot,"Hi [Name],

Aspen Dental has built one of the most recognizable patient experiences in dentistry. A one-size-fits-all AI receptionist that doesn't reflect your brand voice or specific intake protocols can quietly undermine that.

Realside AI builds fully custom AI Inbound Receptionists — trained on your scripts, your FAQs, your workflows. Every call handled 24/7 sounds like your clinic, not a call center. Clients recover 20–40% of missed calls and book 10–25% more appointments.

We'd love to show you what a custom-built AI employee looks like for Aspen's standard of care.

Can we grab 15 minutes this week?

Best,
Dylan Mitchell
Realside AI
dylan.realside@gmail.com
calendly.com/realsideai",Aspen Dental's brand is its competitive moat — emphasizing Realside's custom-built approach versus Dialora's perceived generic scripting directly threatens Aspen's brand consistency concern.,dylan.realside@gmail.com,Dylan Mitchell
Dialora,"Dialora's pricing and ROI transparency are commonly questioned by smaller DSO operators and value-focused groups, who feel they are paying for features they don't use while core booking and reactivation outcomes remain unclear or unmeasured.",Affordable Care,Unknown,Clear ROI on AI for Affordable Care — not just features you won't use,"Hi [Name],

For a value-focused group like Affordable Care, AI tools need to earn their place with measurable outcomes — not a long feature list.

Realside AI is built around two things that directly drive revenue: recovering missed inbound calls (20–40% recovery rate) and converting new leads faster (2-minute outbound response, 2–3x conversion lift). We also reactivate dormant patients — 5–15% of your existing database.

Starts at $2K. Custom-built for your clinics. Integrates with Square, Jane, and MindBody.

No fluff — just bookings.

Would 15 minutes this week work to see if the numbers make sense for Affordable Care?

Best,
Dylan Mitchell
Realside AI
dylan.realside@gmail.com
calendly.com/realsideai",Affordable Care's brand promise around value makes ROI clarity the sharpest displacement lever — positioning Realside's outcome-first messaging against Dialora's perceived feature bloat and pricing opacity.,dylan.realside@gmail.com,Dylan Mitchell
voice.ai,"Voice.ai's AI voices often sound robotic and unnatural in real conversations, leading to poor caller experiences and frustrated patients who hang up or ask to speak to a human immediately.",PDS Health,Unknown,When patients can tell it's a robot — they hang up,"Hi,

A common frustration we hear from dental groups switching away from generic voice AI is this: the moment a patient senses they're talking to a bot, the call — and the appointment — is lost.

At PDS Health's scale, even a 5% hang-up rate on inbound calls adds up to a significant number of missed bookings every month.

Realside AI builds custom AI Receptionists trained specifically for dental practices — natural conversation, real appointment booking, 24/7 coverage, and live transfers when needed. Our clients recover 20–40% of previously missed calls.

We integrate with the systems you already use and handle setup end-to-end.

Would you have 15 minutes this week to see it in action?

Book here: calendly.com/realsideai

Best,
Dylan Mitchell
dylan.realside@gmail.com","Targets PDS Health's scale vulnerability — at a large DSO, robotic-sounding AI causes compounding booking losses that a more natural, dental-specific solution directly addresses.",dylan.realside@gmail.com,Dylan Mitchell
voice.ai,"Voice.ai frequently struggles with integrating cleanly into existing practice management and scheduling software, requiring manual workarounds that burden front-desk staff and defeat the purpose of automation.",Dental Care Alliance,Unknown,If your AI receptionist still needs staff to finish the job…,"Hi,

Voice AI tools that can't actually complete a booking — because they don't connect to your scheduling system — end up creating more work for your front desk, not less.

For a group like Dental Care Alliance managing hundreds of locations, that friction compounds fast.

Realside AI's Inbound Receptionist is custom-built for each practice, integrates directly with your existing scheduling tools, and closes the full loop: answer, book, confirm — no human handoff required unless you want one.

We also recover 20–40% of missed calls that would otherwise go unanswered after hours.

I'd love to show you a 15-minute live demo tailored to your setup.

Book a time here: calendly.com/realsideai

Best,
Dylan Mitchell
dylan.realside@gmail.com","Targets Dental Care Alliance's multi-location operational complexity — integration failures at scale mean staff inefficiency across hundreds of sites, a pain Realside's end-to-end booking flow directly solves.",dylan.realside@gmail.com,Dylan Mitchell
voice.ai,"Voice.ai is primarily built as a general-purpose voice platform, not specifically for healthcare or dental — meaning it lacks context-aware responses for clinical FAQs, insurance questions, and appointment-type routing that dental patients expect.",Heartland Dental,Unknown,Generic voice AI wasn't built for dental — this one was,"Hi,

General-purpose voice AI can handle simple FAQs, but when a patient asks about a specific procedure, insurance coverage, or wants to book a new patient exam versus a cleaning — generic tools often stumble.

For a network the size of Heartland Dental, that means inconsistent patient experiences across your supported practices.

Realside AI builds AI Receptionists custom-trained for dental workflows — procedure-specific FAQs, appointment-type routing, 24/7 availability, and seamless live transfers. Our outbound agent also re-engages dormant patient leads automatically.

No generic templates. Built for dental, built for your brand.

Can we find 15 minutes this week to walk through how it works?

Book here: calendly.com/realsideai

Best,
Dylan Mitchell
dylan.realside@gmail.com","Targets Heartland Dental's need for consistent, clinical-context-aware patient communication across a large supported-practice network — something a dental-specific AI handles far better than a general voice platform.",dylan.realside@gmail.com,Dylan Mitchell
voice.ai,"Voice.ai users frequently report slow or unresponsive customer support, leaving practices stuck with broken call flows, missed bookings, and no clear path to resolution — especially painful for high-volume operations.",Aspen Dental,Unknown,Broken call flows + slow support = lost patients,"Hi,

One of the most common frustrations we hear from practices evaluating their current voice AI: when something breaks — a call flow, a booking integration, a transfer rule — getting it fixed quickly is nearly impossible.

At Aspen Dental's volume, even a few hours of a degraded phone experience can mean dozens of lost bookings.

Realside AI operates as a true partner, not a SaaS vendor. We build, monitor, and maintain your AI Receptionist — and we're accountable when something needs adjusting. Clients see 20–40% more recovered calls and 10–25% more bookings within the first 60 days.

I'd love to show you what hands-on looks like in a 15-minute call.

Schedule here: calendly.com/realsideai

Best,
Dylan Mitchell
dylan.realside@gmail.com","Targets Aspen Dental's sensitivity to operational downtime at scale — positioning Realside's managed, accountable model as a direct contrast to the set-it-and-forget-it support structure of generic voice AI platforms.",dylan.realside@gmail.com,Dylan Mitchell
voice.ai,"Voice.ai lacks robust outbound capabilities — it is primarily reactive, meaning practices miss the critical window to follow up on new ad leads quickly or re-engage lapsed patients, leaving significant revenue on the table.",Affordable Care,Unknown,Your ad leads deserve a callback in 2 minutes — not 2 days,"Hi,

Most voice AI tools focus on answering inbound calls. But for growth-focused dental groups, the bigger opportunity is often what happens after someone fills out an ad form — and nobody follows up fast enough.

Studies consistently show that lead conversion drops dramatically after the first 5 minutes. Most practices follow up in hours, or not at all.

Realside AI's Outbound Agent contacts new ad leads within 2 minutes, handles the conversation, and books the appointment — automatically. We also re-engage dormant CRM leads to drive 5–15% database reactivation.

For a value-driven group like Affordable Care, this is a direct, measurable revenue lever.

Would you have 15 minutes this week to see the numbers?

Book here: calendly.com/realsideai

Best,
Dylan Mitchell
dylan.realside@gmail.com",Targets Affordable Care's growth and cost-efficiency orientation — the outbound speed-to-lead angle highlights a revenue gap that inbound-only voice AI tools leave completely unaddressed.,dylan.realside@gmail.com,Dylan Mitchell
Retell AI,"Retell AI is primarily a developer-focused API platform, requiring significant technical resources to build, configure, and maintain voice agents — leaving non-technical dental operations teams dependent on engineers for every change or update.",PDS Health,Unknown,Your AI receptionist shouldn't need an engineer to update it,"Hi [Name],

Many multi-location dental groups using developer-first AI voice platforms find themselves stuck — waiting on technical teams just to update call scripts, add a location, or fix a booking flow.

At Realside AI, we build fully managed AI Receptionists custom-configured for dental groups like PDS Health. No engineering lift on your end. We handle the build, integration, and ongoing optimization.

Our clients typically recover 20–40% of missed calls and add 10–25% more booked appointments — without adding headcount.

We integrate with the tools you already use (Jane, Mindbody, Square) and are up and running in days, not months.

Would you have 15 minutes this week to see a live demo?

Best,
Dylan Mitchell
Realside AI
dylan.realside@gmail.com
calendly.com/realsideai",Targets PDS Health's likely reliance on centralized ops teams who can't afford developer dependencies to maintain AI tools across dozens of clinic locations.,dylan.realside@gmail.com,Dylan Mitchell
Retell AI,"Retell AI's out-of-the-box voice agents are generic and require heavy customization to handle dental-specific workflows like insurance verification questions, hygiene recall scheduling, and multi-location call routing — often resulting in a poor patient experience.",Dental Care Alliance,Unknown,Generic AI voice agents don't cut it for dental — here's why,"Hi [Name],

Most AI voice platforms are built for any industry — which means dental groups like Dental Care Alliance end up with agents that stumble on hygiene recalls, can't handle multi-location routing, and frustrate patients with robotic responses.

Realside AI builds AI Receptionists specifically configured for dental. We map your exact call flows, FAQs, and booking logic before we go live — so every patient interaction feels natural and on-brand.

The result: 20–40% of previously missed calls recovered, and 10–25% more appointments booked automatically.

No templates. No guesswork. Built for your group, not a generic business.

Could we grab 15 minutes this week to walk through how it would work for your clinics?

Best,
Dylan Mitchell
Realside AI
dylan.realside@gmail.com
calendly.com/realsideai",Addresses Dental Care Alliance's need for dental-specific call handling across a large affiliated group where generic AI would create inconsistent patient experiences.,dylan.realside@gmail.com,Dylan Mitchell
Retell AI,"Retell AI's pricing and usage-based model can become unpredictably expensive at scale, with per-minute or per-call costs that balloon as call volume grows — making it difficult for large DSOs to forecast AI costs across hundreds of locations.",Heartland Dental,Unknown,AI receptionist costs shouldn't spike every time call volume does,"Hi [Name],

For a group the size of Heartland Dental, per-minute AI voice pricing can quietly become a significant and unpredictable line item — especially as you scale locations and call volume grows.

Realside AI offers straightforward, flat-rate pricing starting at $2K — fully managed, no surprise usage overages, and custom-built for each clinic's workflows.

Our AI Inbound Receptionist answers every call 24/7, books appointments, handles FAQs, and does live transfers. Clients recover 20–40% of missed calls and see 10–25% more bookings — with costs that scale predictably.

I'd love to show you how we've built this for other large dental groups in a quick 15-minute call.

Are you open to connecting this week?

Best,
Dylan Mitchell
Realside AI
dylan.realside@gmail.com
calendly.com/realsideai","Targets Heartland Dental's scale sensitivity — as one of the largest DSOs, unpredictable per-usage AI costs are a real budget and forecasting concern across 1,500+ locations.",dylan.realside@gmail.com,Dylan Mitchell
Retell AI,"Retell AI focuses primarily on inbound voice infrastructure but lacks a native outbound lead follow-up capability, meaning dental groups must stitch together separate tools to contact new ad leads quickly — causing slow speed-to-lead and lost new patient conversions.",Aspen Dental,Unknown,How fast is your team calling new patient leads right now?,"Hi [Name],

Aspen Dental invests heavily in new patient marketing — but if ad leads aren't contacted within the first few minutes, conversion rates drop dramatically.

Most AI voice tools handle inbound only, leaving outbound follow-up to overwhelmed front desk staff or disconnected automation.

Realside AI includes an AI Outbound Agent that calls and texts new leads within 2 minutes of form submission — automatically booking the appointment before a competitor can respond. We also re-engage dormant CRM leads, with a 5–15% database reactivation rate.

Combined with our 24/7 inbound receptionist, it's a complete new patient acquisition engine — custom-built for dental, starting at $2K.

Would 15 minutes this week make sense to show you how it works?

Best,
Dylan Mitchell
Realside AI
dylan.realside@gmail.com
calendly.com/realsideai",Targets Aspen Dental's heavy investment in paid patient acquisition — highlighting the gap between inbound-only AI tools and Realside's full inbound + outbound coverage to maximize marketing ROI.,dylan.realside@gmail.com,Dylan Mitchell
Retell AI,"Retell AI requires meaningful onboarding effort and technical setup time, with users reporting that getting a polished, production-ready voice agent live can take weeks — a major friction point for growing dental groups that need fast deployment across new locations.",Affordable Care,Unknown,New location opening? Your AI receptionist should be ready in days,"Hi [Name],

For a growing group like Affordable Care, every new location needs to be patient-ready from day one — but most AI voice platforms have onboarding timelines that simply don't match that pace.

Realside AI is fully managed end-to-end. We do the build, configuration, and integration for you — your team doesn't touch a line of code. Most clinics are live within days, not weeks.

Our AI Inbound Receptionist answers every call 24/7, books appointments, and handles FAQs. Clients typically recover 20–40% of missed calls and add 10–25% more bookings from the first month.

I'd love to show you how quickly we can get a new or existing location fully covered — can we find 15 minutes this week?

Best,
Dylan Mitchell
Realside AI
dylan.realside@gmail.com
calendly.com/realsideai","Targets Affordable Care's growth trajectory and multi-location expansion needs, where slow AI deployment timelines directly delay revenue at new clinic openings.",dylan.realside@gmail.com,Dylan Mitchell
Vapi,"Vapi requires significant developer resources and technical configuration to set up and maintain, leaving non-technical teams dependent on engineering support for even minor changes to call flows or scripts.",PDS Health,Unknown,Your front desk AI shouldn't need a developer to update a script,"Hi,

One pattern we hear often from dental groups using developer-first voice AI platforms: the technology works — but every tweak to a call flow, FAQ, or booking rule requires an engineering ticket.

For a network the size of PDS Health, that creates real bottlenecks — delayed updates, inconsistent patient experiences across locations, and ops teams left waiting.

Realside AI builds fully managed AI Receptionists and Outbound Agents, custom-configured for each clinic, with no dev dependency on your end. We handle setup, tuning, and updates. Your team just sees more booked appointments.

Clinics typically recover 20–40% of missed calls and add 10–25% more bookings within the first 30 days.

Would you have 15 minutes this week to see how it works?

Book here: calendly.com/realsideai

Best,
Dylan Mitchell
dylan.realside@gmail.com",Targets the operational bottleneck of developer-dependent platforms at a large multi-location DSO where agility and consistent patient experience across locations is critical.,dylan.realside@gmail.com,Dylan Mitchell
Vapi,"Vapi's usage-based pricing model can produce unpredictable monthly costs that spike with call volume, making it difficult for growing dental groups to budget reliably at scale.",Dental Care Alliance,Unknown,Unpredictable AI call costs at 300+ locations add up fast,"Hi,

Scaling voice AI across a large DSO network is exciting — until the per-minute billing arrives and the math stops working.

Usage-based pricing models can be hard to forecast, especially when call volume varies by season, location, or campaign.

Realside AI offers predictable, flat-rate pricing starting at $2K — fully managed, custom-built per clinic, and integrated with your existing scheduling tools. Our AI Inbound Receptionists answer every call 24/7, book appointments, and follow up on missed calls — no surprises on the invoice.

For an alliance the size of DCA, that kind of cost predictability at scale matters.

Could we grab 15 minutes to walk through the model?

Book here: calendly.com/realsideai

Best,
Dylan Mitchell
dylan.realside@gmail.com",Leverages the known pain of volatile usage-based pricing for a large DSO managing hundreds of locations where cost unpredictability is a budgeting and scaling liability.,dylan.realside@gmail.com,Dylan Mitchell
Vapi,"Vapi is a general-purpose voice AI infrastructure layer not purpose-built for healthcare or dental workflows, leading to generic call handling that doesn't reflect clinic-specific scheduling rules, insurance questions, or patient communication standards.",Heartland Dental,Unknown,Generic voice AI wasn't built for how dental front desks actually work,"Hi,

Most voice AI platforms are built for developers — not for dental offices navigating insurance questions, hygiene recall schedules, and same-day emergency calls.

When the AI doesn't know your booking rules or can't handle a new patient intake the way your team would, patients feel it — and sometimes hang up.

Realside AI is custom-built for each Heartland clinic. Our AI Receptionists handle 24/7 inbound calls, FAQs, live transfers, and appointment booking the way your front desk would — just without the hold times or missed calls.

We also integrate directly with your scheduling software so nothing falls through the cracks.

Would 15 minutes this week make sense to show you what that looks like in practice?

Book here: calendly.com/realsideai

Best,
Dylan Mitchell
dylan.realside@gmail.com",Positions Realside's dental-specific customization against general-purpose voice AI infrastructure that requires heavy configuration to match real clinical workflows at a supported-practice DSO.,dylan.realside@gmail.com,Dylan Mitchell
Vapi,"Vapi lacks native CRM and practice management system integrations, requiring custom middleware or engineering work to connect with scheduling and patient management tools — creating friction and data gaps in the patient journey.",Aspen Dental,Unknown,AI that answers calls but can't book into your system isn't solving the problem,"Hi,

Voice AI that handles calls but doesn't connect directly to your scheduling system creates a new problem: staff still have to manually complete the booking loop.

For a brand like Aspen Dental — where patient experience and speed-to-appointment are everything — that gap is costly.

Realside AI integrates natively with scheduling platforms so our AI Inbound Receptionist books appointments end-to-end, without human hand-off. And our Outbound Agent contacts new ad leads within 2 minutes, converting interest before it goes cold.

No middleware. No manual re-entry. Just confirmed appointments.

We'd love to show you a 15-minute live demo tailored to Aspen's workflow.

Book here: calendly.com/realsideai

Best,
Dylan Mitchell
dylan.realside@gmail.com",Targets the integration gap pain point for a high-volume consumer-facing dental brand where seamless end-to-end booking automation directly impacts patient acquisition metrics and staff efficiency.,dylan.realside@gmail.com,Dylan Mitchell
Vapi,"Vapi's voice quality and conversational naturalness can feel robotic or stilted in real-world call scenarios, leading to patient drop-off mid-call and a poor first impression — especially problematic for cost-sensitive patient demographics.",Affordable Care,Unknown,First impressions on the phone matter — especially for cost-conscious patients,"Hi,

For patients already nervous about dental costs, a robotic or clunky phone experience can be the reason they don't book — even when your pricing is exactly what they need.

Voice AI that sounds unnatural erodes the trust you've worked hard to build through your brand.

Realside AI builds conversational AI Receptionists that sound warm, move naturally through patient questions, and get to a confirmed appointment — 24/7. Clinics using our system recover 20–40% of calls that would have gone to voicemail, and book 10–25% more appointments monthly.

We'd love to show you what the patient experience sounds like in a quick 15-minute call.

Book here: calendly.com/realsideai

Best,
Dylan Mitchell
dylan.realside@gmail.com","Aligns Realside's natural conversational quality with Affordable Care's value-oriented patient demographic, where trust and warmth on first contact are pivotal conversion factors.",dylan.realside@gmail.com,Dylan Mitchell
Lindy,"Lindy's AI workflows often require significant manual setup and technical configuration, leaving non-technical teams struggling to get automations running reliably without developer support.",PDS Health,Unknown,PDS Health — AI that runs itself (no technical team required),"Hi there,

Running AI automation across a multi-location dental group shouldn't require a tech team to babysit it.

A common frustration we hear from practices using tools like Lindy is that the setup complexity eats up the time savings — workflows break, configurations drift, and staff end up doing manually what the AI was supposed to handle.

At Realside AI, we build and manage your AI Receptionist and Outbound Agent for you — custom-built for PDS Health's workflows, integrated with your existing systems, and fully maintained by our team.

Practices we work with recover 20–40% of missed calls and see 2–3x faster lead conversion — without touching a single workflow themselves.

Would you have 15 minutes this week to see how it works?

Best,
Dylan Mitchell
Realside AI
dylan.realside@gmail.com
calendly.com/realsideai",Targets the operational complexity pain point especially relevant for large DSOs like PDS Health managing many locations without dedicated AI ops staff.,dylan.realside@gmail.com,Dylan Mitchell
Lindy,"Lindy's general-purpose AI agents lack deep integration with healthcare-specific scheduling platforms, forcing dental practices to rely on clunky workarounds that still result in missed appointments and booking gaps.",Dental Care Alliance,Unknown,Dental Care Alliance — closing the gap between AI agents and your scheduling system,"Hi there,

General-purpose AI tools can feel promising — until your front desk realizes the bot can't actually book into your scheduling system the way patients expect.

We built Realside AI specifically for multi-location dental groups. Our AI Inbound Receptionist answers every call 24/7, books directly into your schedule, handles FAQs, and transfers live calls — all without staff intervention.

For Dental Care Alliance's scale, that means no more calls falling through the cracks across locations, and no more patients hanging up because no one answered.

We integrate natively with Square, Jane, and MindBody — and we handle the full build for you.

Practices see 10–25% more bookings within the first 60 days.

Could we find 15 minutes this week to walk through it?

Best,
Dylan Mitchell
Realside AI
dylan.realside@gmail.com
calendly.com/realsideai",Addresses the lack of purpose-built healthcare scheduling integration — a critical gap for a large DSO like Dental Care Alliance managing appointment volume across dozens of locations.,dylan.realside@gmail.com,Dylan Mitchell
Lindy,"Lindy's outbound follow-up capabilities are limited and slow to trigger, meaning dental groups lose ad leads to competitors who respond faster — a critical failure point in high-volume patient acquisition campaigns.",Heartland Dental,Unknown,Heartland Dental — contacting new leads in under 2 minutes (automatically),"Hi there,

In dental patient acquisition, speed is everything. A lead who fills out a form and doesn't hear back within minutes often books with someone else.

Many practices using general AI platforms find their outbound follow-up is either too slow or too rigid to handle real lead volume reliably.

Realside AI's Outbound Agent contacts every new ad lead via call and text within 2 minutes — automatically — then books them directly into your schedule. No manual dialing, no lead aging.

For a group at Heartland Dental's scale, that means your marketing spend converts at 2–3x the rate it does today.

We also re-engage dormant CRM leads — typically unlocking 5–15% database reactivation with zero ad spend.

Worth a 15-minute conversation this week?

Best,
Dylan Mitchell
Realside AI
dylan.realside@gmail.com
calendly.com/realsideai",Targets speed-to-lead failure — directly relevant to Heartland Dental's scale of patient acquisition where slow follow-up means significant revenue leakage.,dylan.realside@gmail.com,Dylan Mitchell
Lindy,"Lindy's pricing and per-seat or usage-based model can become unpredictable and expensive at scale, making it difficult for large dental organizations to budget AI costs across hundreds of locations.",Aspen Dental,Unknown,Aspen Dental — predictable AI costs across every location,"Hi there,

Scaling AI across hundreds of locations is powerful — until the usage costs become impossible to predict or justify per location.

A frustration we hear from large groups is that general AI platforms charge per task, per seat, or per API call, making budgeting a moving target as volume grows.

Realside AI is priced simply — starting at $2K — with custom builds per clinic and no surprise overage fees. Our AI Inbound Receptionist and Outbound Agent are fully managed by our team, so your locations get enterprise-grade AI without enterprise-level overhead.

For a network Aspen Dental's size, even recovering 20% more missed calls per location adds up to significant revenue at scale.

Could we spend 15 minutes this week exploring what that looks like for your group?

Best,
Dylan Mitchell
Realside AI
dylan.realside@gmail.com
calendly.com/realsideai","Targets pricing unpredictability — a major concern for Aspen Dental's finance and operations leadership managing AI tool costs across 1,000+ locations.",dylan.realside@gmail.com,Dylan Mitchell
Lindy,"Lindy's AI agents can struggle with natural, on-brand patient conversations — sounding robotic or going off-script — which erodes patient trust and reflects poorly on the practice's patient experience standards.",Affordable Care,Unknown,Affordable Care — AI that actually sounds like your front desk,"Hi there,

Patient experience is a differentiator — and an AI that sounds robotic or stumbles through a call can do more damage than no AI at all.

A common concern with general-purpose AI platforms is that their voice agents feel off-brand or scripted, leaving patients with a poor first impression.

Realside AI builds each AI Receptionist specifically for your clinics — trained on your FAQs, your tone, and your scheduling logic. Patients get a natural, helpful experience whether they call at 2pm or 2am.

For Affordable Care's patient population, that means consistent service quality across every location, recovered missed calls, and more bookings — without adding front desk headcount.

Would you be open to a 15-minute call this week to see a live demo?

Best,
Dylan Mitchell
Realside AI
dylan.realside@gmail.com
calendly.com/realsideai","Targets patient experience quality — especially relevant for Affordable Care, whose brand promise centers on accessible, welcoming care for cost-sensitive patients who need to feel respected from the first touchpoint.",dylan.realside@gmail.com,Dylan Mitchell
mysalondesk,"Missed calls and after-hours inquiries go unanswered, leading to lost appointment opportunities and patient frustration when no live staff is available outside business hours.",PDS Health,Unknown,PDS Health: Recovering the calls your front desk can't catch,"Hi there,

Large dental groups like PDS Health often tell us the same thing — their front desk is slammed, and after-hours or overflow calls just don't get answered.

That means booked schedules left half-full and patients who called once and moved on.

Realside AI deploys an AI Inbound Receptionist that answers every call 24/7, books appointments, handles FAQs, and does live transfers — recovering 20–40% of missed calls and adding 10–25% more bookings across your locations.

No scripts to manage. Custom-built for your clinic workflow. Integrates with your existing systems.

Would you be open to a 15-minute call this week to see how it works for multi-location dental groups?

Best,
Dylan Mitchell
Realside AI
dylan.realside@gmail.com
calendly.com/realsideai",Targets PDS Health's multi-location scale where missed call volume is amplified and front desk bandwidth is a chronic operational bottleneck.,dylan.realside@gmail.com,Dylan Mitchell
mysalondesk,"Slow or manual follow-up on new patient leads from ads results in low conversion rates, as front desk staff rarely have time to call new leads within the critical first few minutes.",Dental Care Alliance,Unknown,Dental Care Alliance: What happens to your ad leads after hours?,"Hi there,

Dental groups running paid ads know the frustration — a lead comes in at 7pm, no one follows up until the next morning, and by then they've booked somewhere else.

Speed-to-lead is everything in dental.

Realside AI's Outbound Agent automatically calls and texts new ad leads within 2 minutes — day or night — and books them directly into your schedule. We see 2–3x conversion rates compared to manual follow-up.

We also re-engage dormant CRM leads, recovering 5–15% of your existing database.

Custom-built for dental, no heavy IT lift, integrates with your current tools.

Could we grab 15 minutes this week to walk through what this looks like for Dental Care Alliance?

Best,
Dylan Mitchell
Realside AI
dylan.realside@gmail.com
calendly.com/realsideai",Targets Dental Care Alliance's investment in patient acquisition marketing by addressing the last-mile failure point — slow lead follow-up that kills ad ROI.,dylan.realside@gmail.com,Dylan Mitchell
mysalondesk,"Front desk staff at large dental service organizations are overwhelmed with call volume, leading to long hold times, dropped calls, and an inconsistent patient experience across locations.",Heartland Dental,Unknown,Heartland Dental: Give your front desk relief without adding headcount,"Hi there,

When you're operating hundreds of locations, even a small gap in front desk coverage — hold times, missed calls, inconsistent answers — adds up to significant lost revenue and patient churn.

Realside AI acts as an AI Inbound Receptionist across all your locations: answers every call 24/7, books appointments, handles FAQs, and transfers to staff when needed.

Heartland practices using a solution like ours typically recover 20–40% of previously missed calls and see 10–25% more bookings — without adding a single hire.

We custom-build each AI to your workflows and integrate with your scheduling systems.

Would a 15-minute call make sense to explore what this looks like at Heartland's scale?

Best,
Dylan Mitchell
Realside AI
dylan.realside@gmail.com
calendly.com/realsideai",Leverages Heartland's massive location footprint as both the pain amplifier and the ROI multiplier — small per-location gains become enormous at scale.,dylan.realside@gmail.com,Dylan Mitchell
mysalondesk,"Appointment no-shows and last-minute cancellations are difficult to backfill when outreach to the waitlist is slow and manual, leaving chairs empty and revenue on the table.",Aspen Dental,Unknown,Aspen Dental: Filling last-minute cancellations before the chair goes cold,"Hi there,

For a network as large as Aspen Dental, a cancellation at 8am that isn't backfilled by 9am is pure lost revenue — multiplied across hundreds of locations daily.

Realside AI's Outbound Agent automatically reaches out to your waitlist and dormant CRM patients the moment a slot opens — via call or text — and books a replacement without your team lifting a finger.

We also handle all inbound calls 24/7 so new patients can book the moment they're ready, not just during business hours.

Groups like yours typically see 5–15% database reactivation and 10–25% more bookings within the first 90 days.

Worth a 15-minute conversation to see how this fits Aspen's workflow?

Best,
Dylan Mitchell
Realside AI
dylan.realside@gmail.com
calendly.com/realsideai",Connects directly to Aspen Dental's operational scale by framing cancellation backfill automation as a revenue-recovery lever that compounds across their entire location network.,dylan.realside@gmail.com,Dylan Mitchell
mysalondesk,"Cost-conscious dental organizations struggle to justify adding front desk headcount to handle call volume and lead follow-up, yet the manual processes they rely on consistently leak revenue.",Affordable Care,Unknown,Affordable Care: More bookings without the overhead of more staff,"Hi there,

For organizations built around accessible, affordable dental care, every dollar of overhead matters — and adding front desk staff to handle call volume or chase leads isn't always the right answer.

Realside AI gives Affordable Care an AI Receptionist that answers every inbound call 24/7, books appointments, and follows up on missed calls — and an Outbound Agent that contacts new leads within 2 minutes and reactivates dormant patients.

The result: 20–40% of missed calls recovered, 10–25% more bookings, and 2–3x lead conversion — starting at $2K, with no headcount added.

Custom-built for your clinics. Integrates with your existing scheduling tools.

Could we find 15 minutes this week to show you what this looks like?

Best,
Dylan Mitchell
Realside AI
dylan.realside@gmail.com
calendly.com/realsideai","Mirrors Affordable Care's cost-efficiency brand promise back at them — positioning Realside AI as the lean, high-ROI alternative to hiring, perfectly aligned with their organizational values.",dylan.realside@gmail.com,Dylan Mitchell
Spa Voices,"Limited availability outside business hours means front desk staff miss a significant volume of inbound calls after hours, on weekends, and during peak busy periods — leading to lost appointment bookings and unrecovered revenue.",PDS Health,Unknown,Recovering the calls your front desk can't catch — for PDS Health,"Hi,

Managing inbound call volume across a large dental network is genuinely hard — especially when calls come in after hours or during peak times and simply go unanswered.

At Realside AI, we build AI Inbound Receptionists that answer every call 24/7, book appointments, handle FAQs, and follow up on missed calls automatically. Our clients typically recover 20–40% of missed calls and see 10–25% more bookings — without adding headcount.

It's custom-built for your workflows and integrates with the scheduling tools your clinics already use.

I'd love to show you how this could work specifically for PDS Health's scale.

Would you have 15 minutes this week for a quick call?

Best,
Dylan Mitchell
dylan.realside@gmail.com
calendly.com/realsideai","Targets PDS Health's multi-location scale where after-hours call gaps compound across dozens of clinics, making missed call recovery a high-value, high-visibility win for operations leadership.",dylan.realside@gmail.com,Dylan Mitchell
Spa Voices,Slow or inconsistent follow-up on new patient leads — especially those generated from paid ads — results in low speed-to-lead conversion and wasted marketing spend across large dental support organizations.,Dental Care Alliance,Unknown,Your ad leads deserve a faster follow-up — here's how,"Hi,

For a group like Dental Care Alliance, paid patient acquisition is a major investment. But if new leads aren't contacted within the first few minutes, conversion rates drop dramatically — and that spend is hard to justify.

Realside AI's Outbound Agent calls and texts new ad leads within 2 minutes of opt-in, books the appointment automatically, and re-engages dormant leads in your CRM. Our clients see 2–3x speed-to-lead conversion and 5–15% database reactivation.

No extra staff. No manual follow-up process. Just more booked chairs.

Could we grab 15 minutes this week to walk through how this could fit into your current patient acquisition workflow?

Best,
Dylan Mitchell
dylan.realside@gmail.com
calendly.com/realsideai",Angles the pitch around marketing ROI and lead conversion efficiency — a natural priority for a large DSO investing heavily in paid patient acquisition across affiliated practices.,dylan.realside@gmail.com,Dylan Mitchell
Spa Voices,"Front desk staff at busy dental practices are frequently overwhelmed, leading to long hold times, dropped calls, and an inconsistent patient experience — particularly during morning rushes and Monday spikes.",Heartland Dental,Unknown,What if Heartland's front desk never missed another call?,"Hi,

At a network the size of Heartland Dental, front desk teams carry an enormous load — and during peak hours, some calls inevitably fall through the cracks.

Realside AI builds AI Inbound Receptionists that handle every incoming call 24/7, book appointments, answer FAQs, and route urgent calls via live transfer. It works alongside your existing staff — not instead of them — and integrates with your current scheduling system.

Clinics using Realside recover 20–40% of missed calls and add 10–25% more bookings per month.

I think there's a real fit here for Heartland's scale. Would you be open to a 15-minute call this week to explore it?

Best,
Dylan Mitchell
dylan.realside@gmail.com
calendly.com/realsideai","Positions the AI receptionist as a force multiplier for existing staff rather than a replacement — a softer, more palatable angle for a large DSO with established front desk teams and potential change-management sensitivity.",dylan.realside@gmail.com,Dylan Mitchell
Spa Voices,"Dormant patient databases at large dental groups represent significant untapped revenue, but re-engagement campaigns are rarely executed consistently due to lack of automation and staff bandwidth.",Aspen Dental,Unknown,Aspen Dental has a goldmine in its CRM — let's unlock it,"Hi,

Aspen Dental has one of the largest patient databases in the industry — and within it sits a significant number of patients who haven't returned in 12, 18, or 24+ months.

Realside AI's Outbound Agent automatically calls and texts dormant CRM leads to re-engage them and book appointments — no staff time required. Our clients see 5–15% database reactivation rates, turning cold contacts into scheduled visits.

Paired with our AI Inbound Receptionist, it creates a closed-loop system: reach out, convert the call, book the chair.

This is built custom for your workflows and integrates with the tools you're already using.

Could we find 15 minutes this week to explore what reactivation could look like at Aspen's scale?

Best,
Dylan Mitchell
dylan.realside@gmail.com
calendly.com/realsideai","Leverages Aspen Dental's massive patient database as a personalized hook — framing dormant CRM reactivation as a high-ROI, low-risk revenue opportunity unique to their scale and brand footprint.",dylan.realside@gmail.com,Dylan Mitchell
Spa Voices,"Price-sensitive patient populations at value-focused dental groups are especially likely to fall off after initial contact, making rapid lead follow-up and re-engagement automation critical to converting cost-conscious prospects before they go elsewhere.",Affordable Care,Unknown,Turning more Affordable Care leads into booked patients — automatically,"Hi,

For a brand built around accessibility and value, every patient inquiry matters — but price-sensitive leads make decisions fast and often go elsewhere if follow-up is slow.

Realside AI's Outbound Agent contacts new leads within 2 minutes, books the appointment automatically, and re-engages patients who went quiet in your CRM. Our inbound receptionist handles every call 24/7 so no inquiry slips through.

Clients see 2–3x improvement in lead conversion and recover 20–40% of previously missed calls — all without adding front desk headcount.

Custom-built for your clinics. No generic software.

Would you have 15 minutes this week to see how this could work for Affordable Care?

Best,
Dylan Mitchell
dylan.realside@gmail.com
calendly.com/realsideai",Aligns the pitch with Affordable Care's value-driven brand by emphasizing speed-to-lead and conversion efficiency — framing AI follow-up as essential for capturing cost-conscious patients who won't wait around for a callback.,dylan.realside@gmail.com,Dylan Mitchell
