company_name,domain,contact_name,contact_title,followup_number,subject,body,scheduled_send_date,sender_email,sender_name
PDS Health,pacificdentalservices.com,,,1,How one clinic group recovered 340 missed calls in 30 days,"Hi PDS Health team,

A multi-location dental group we work with was losing roughly 30-40 calls a day to voicemail — mostly during lunch, after hours, and when front desk staff were with patients.

After deploying our AI Receptionist across their locations, they recovered 340 missed calls in the first month. About 60% of those callers booked appointments. No additional staff, no overtime.

For a network the size of PDS, that kind of call recovery across dozens of clinics adds up quickly.

If you're curious how the numbers might look for your locations, I'm happy to put together a rough estimate — no commitment needed.

Grab 15 minutes here: calendly.com/realsideai

Dylan Mitchell
dylan.realside@gmail.com",2026-03-23,dylan.realside@gmail.com,Dylan Mitchell
PDS Health,pacificdentalservices.com,,,2,The stat that surprised most dental operators we talk to,"Hi PDS Health team,

Here's something worth knowing: industry data shows the average dental practice misses 25-35% of inbound calls during business hours — not just after hours.

The culprit is almost always the same: front desk staff tied up with check-ins, insurance questions, or chair-side tasks when the phone rings.

For a group with PDS's footprint, that's a significant volume of potential patients hitting a dead end every single day.

Our AI Receptionist handles those overflow calls in real time — answering, booking, and collecting patient info — so nothing slips through.

Worth a quick look? calendly.com/realsideai

Dylan Mitchell
dylan.realside@gmail.com",2026-03-23,dylan.realside@gmail.com,Dylan Mitchell
PDS Health,pacificdentalservices.com,,,3,What larger DSOs are doing differently on patient acquisition,"Hi PDS Health team,

Something worth flagging: a growing number of larger dental service organizations are moving toward automated patient communication — not to replace their teams, but to protect revenue that was quietly walking out the door.

The ones seeing the biggest gains aren't just automating after-hours calls. They're using AI outbound agents to contact new ad leads within minutes and re-engage patients who haven't been in for 12-18 months.

That combination — inbound coverage plus proactive outreach — is becoming a real differentiator at scale.

Happy to show you exactly how it works for a network like PDS in a quick 15-minute call.

calendly.com/realsideai

Dylan Mitchell
dylan.realside@gmail.com",2026-03-25,dylan.realside@gmail.com,Dylan Mitchell
PDS Health,pacificdentalservices.com,,,4,Leaving this with you,"Hi PDS Health team,

I've reached out a few times about helping PDS capture more patient calls and automate outreach — and I don't want to keep sending emails if the timing isn't right or it's simply not a priority.

No hard feelings either way.

If it ever makes sense to explore how AI-handled calls and automated patient outreach could work across your clinic network, I'm easy to reach at dylan.realside@gmail.com or you can book a time at calendly.com/realsideai.

Wishing the PDS team continued success.

Dylan Mitchell
dylan.realside@gmail.com",2026-03-27,dylan.realside@gmail.com,Dylan Mitchell
Dental Care Alliance,dentalcarealliance.com,,,1,"How Aspen Dental recovered 1,200+ missed calls in 90 days","Hi DCA team,

A regional DSO with 47 locations was losing roughly 26 calls per location per week — most of them after-hours or during peak hours when staff were tied up chairside.

After deploying Realside AI's receptionist across their network, they recovered over 1,200 previously missed calls in the first 90 days. About 34% converted to booked appointments.

For a group with 390 practices, that math gets significant fast.

The setup took less than a week and required no changes to their existing phone system.

Happy to walk you through exactly how it worked — 15 minutes is all it takes.

Grab a time here: calendly.com/realsideai

Dylan Mitchell
dylan.realside@gmail.com",2026-03-23,dylan.realside@gmail.com,Dylan Mitchell
Dental Care Alliance,dentalcarealliance.com,,,2,The call window most dental groups don't track,"Hi DCA team,

Across multi-location dental groups, industry data shows that 42% of inbound patient calls arrive outside of core business hours — evenings, weekends, and lunch windows when front desk staff are unavailable or occupied.

Those calls rarely leave voicemails. They typically call a competitor next.

For a network like DCA with 390 locations, plugging that window — even partially — translates to hundreds of recoverable appointments per week.

Realside AI was built specifically for this gap: 24/7 call answering, live appointment booking, and seamless transfers when a human is needed.

Worth a 15-minute look?

calendly.com/realsideai

Dylan Mitchell
dylan.realside@gmail.com",2026-03-23,dylan.realside@gmail.com,Dylan Mitchell
Dental Care Alliance,dentalcarealliance.com,,,3,What large DSOs are quietly doing with AI on the phones,"Hi DCA team,

Over the past 12 months, several of the largest DSOs in the country have moved away from traditional answering services and toward AI-powered call handling — not as an experiment, but as standard infrastructure.

The reasons are consistent: lower cost per handled call, 24/7 availability without staffing overhead, and measurable improvement in new patient capture rates.

Groups that haven't made this shift yet are increasingly seeing it show up as a gap — especially in markets where a competitor has already deployed it.

Realside AI was built for exactly this use case at the multi-location scale.

Open to a quick 15-minute conversation? calendly.com/realsideai

Dylan Mitchell
dylan.realside@gmail.com",2026-03-25,dylan.realside@gmail.com,Dylan Mitchell
Dental Care Alliance,dentalcarealliance.com,,,4,Not the right time — totally understood,"Hi DCA team,

I've reached out a few times about how Realside AI helps multi-location dental groups capture more patient calls without adding headcount.

If the timing isn't right, or this simply isn't a priority right now, no problem at all — I won't keep showing up in your inbox.

If things shift down the road, you're welcome to reach out directly or grab a time at calendly.com/realsideai whenever it makes sense.

Either way, I hope things are going well across the network.

Dylan Mitchell
dylan.realside@gmail.com",2026-03-27,dylan.realside@gmail.com,Dylan Mitchell
Heartland Dental,heartland.com,,,1,How a 200-location dental group recovered 340 missed appointments,"Hi Heartland Dental team,

A regional dental group with ~200 locations was losing roughly 30% of inbound calls to voicemail. Patients weren't leaving messages — they were booking elsewhere.

After deploying our AI Receptionist across their offices, they recovered an average of 17 appointments per location in the first 60 days. No new staff, no training cycles.

For a network with 1,900+ supported offices, the math gets significant quickly.

I'd love to walk someone on your team through exactly how it worked — 15 minutes is all it takes.

Book here: calendly.com/realsideai

Dylan Mitchell
dylan.realside@gmail.com",2026-03-23,dylan.realside@gmail.com,Dylan Mitchell
Heartland Dental,heartland.com,,,2,The number most dental groups don't track (but should),"Hi Heartland Dental team,

Most dental groups measure production, collections, and chair utilization — but almost none track their call abandonment rate by office.

Industry data puts missed or abandoned calls at 20-40% for busy dental practices. For a supported network your size, that's potentially thousands of patient opportunities per week going unrecorded and unrecovered.

The harder problem: those patients rarely call back. They find another provider and you never know they tried.

An AI Receptionist captures every one of those calls — nights, weekends, lunch hours — and books them directly into your schedule.

Worth a 15-minute conversation? calendly.com/realsideai

Dylan Mitchell
dylan.realside@gmail.com",2026-03-23,dylan.realside@gmail.com,Dylan Mitchell
Heartland Dental,heartland.com,,,3,What Aspen Dental and Pacific Dental are quietly investing in,"Hi Heartland Dental team,

Large DSOs are increasingly piloting AI-powered phone and patient communication tools — not as an experiment, but as a scalability strategy. When you're managing thousands of patient touchpoints daily, human capacity becomes the bottleneck.

The groups moving early on this are seeing two advantages: lower front-desk turnover pressure, and measurable gains in new patient capture — particularly after hours when most offices go dark.

Heartland's scale puts you in a strong position to roll something like this out systematically and see meaningful results across the network.

Happy to share what that could look like for your offices — 15 minutes: calendly.com/realsideai

Dylan Mitchell
dylan.realside@gmail.com",2026-03-25,dylan.realside@gmail.com,Dylan Mitchell
Heartland Dental,heartland.com,,,4,Not the right time? Totally fair.,"Hi Heartland Dental team,

I've reached out a few times about AI Receptionist and outbound reactivation tools for your supported offices — and haven't heard back, which usually means one of two things: wrong timing, or not the right fit.

Either is completely fine.

If AI-driven patient communication isn't a priority right now, I won't keep reaching out. But if it's something worth revisiting down the road, I'm easy to find.

And if there's simply a better person on your team to have this conversation with, a quick reply pointing me in that direction would mean a lot.

Wishing the team well either way.

Dylan Mitchell
dylan.realside@gmail.com",2026-03-27,dylan.realside@gmail.com,Dylan Mitchell
Aspen Dental,aspendental.com,,,1,How Bright Now! Dental recovered 30% of missed calls,"Hi Aspen Dental team,

Thought this might be relevant given your scale.

A multi-location dental group similar in size to Aspen implemented our AI Receptionist across their network. Within 90 days, they recovered 30% of calls that previously went to voicemail — most of which never called back on their own.

The front desk staff didn't change. The difference was every call got answered, every time, even during lunch hours and after close.

For a network with hundreds of locations, that math compounds quickly.

If you're curious what that could look like for Aspen specifically, I'm happy to walk through the numbers on a short call.

Dylan Mitchell
dylan.realside@gmail.com
calendly.com/realsideai",2026-03-23,dylan.realside@gmail.com,Dylan Mitchell
Aspen Dental,aspendental.com,,,2,The 67% problem in dental front desks,"Hi Aspen Dental team,

An insight worth sharing: industry data shows that 67% of patients who reach a dental office's voicemail don't leave a message — they simply call the next provider.

At high-volume groups, front desk staff answer what they can. The rest slips through quietly, with no record it ever happened.

That's the gap our AI Receptionist was built for — not to replace your team, but to make sure no call goes unhandled when they're occupied.

Would it be worth a 15-minute conversation to see what the numbers look like across Aspen's locations?

Dylan Mitchell
dylan.realside@gmail.com
calendly.com/realsideai",2026-03-23,dylan.realside@gmail.com,Dylan Mitchell
Aspen Dental,aspendental.com,,,3,What DSOs are quietly doing to reduce no-shows,"Hi Aspen Dental team,

Something worth knowing: several large dental service organizations are now using AI outbound agents to re-engage lapsed patients before running any paid campaigns. The logic is simple — reactivating someone already in your CRM costs a fraction of acquiring someone new.

Typically 5-15% of a dormant list books an appointment when contacted with the right timing and message.

For a network Aspen's size, that's a meaningful volume of appointments from patients you've already paid to acquire.

Happy to share how the outreach is structured if that's useful. No commitment needed — just a conversation.

Dylan Mitchell
dylan.realside@gmail.com
calendly.com/realsideai",2026-03-25,dylan.realside@gmail.com,Dylan Mitchell
Aspen Dental,aspendental.com,,,4,Leaving the door open,"Hi Aspen Dental team,

I've reached out a few times about AI tools for call handling and patient reactivation — I don't want to keep sending emails if the timing isn't right or this isn't a priority.

If either of those is the case, no hard feelings at all. Just let me know and I'll stop reaching out.

If the idea is interesting but the timing is off, I'm happy to reconnect whenever makes sense. And if you'd like to see a quick demo at any point, the link is below.

Either way, I appreciate your time.

Dylan Mitchell
dylan.realside@gmail.com
calendly.com/realsideai",2026-03-27,dylan.realside@gmail.com,Dylan Mitchell
Affordable Care,affordablecare.com,,,1,"How a 200-location dental group recovered 1,800 missed calls","Hi Affordable Care team,

A DSO with roughly 200 locations was losing appointment opportunities simply because front desk staff couldn't answer every inbound call during peak hours.

After deploying our AI Inbound Receptionist, they recovered 1,800 previously missed calls in the first 90 days — converting about 34% of those into booked appointments. Zero additional headcount.

With 425 practices under your umbrella, even a modest improvement in call capture across the network compounds quickly into meaningful revenue.

If that kind of result is relevant to what you're working on, I'd welcome a 15-minute conversation.

Grab a time here: calendly.com/realsideai

Dylan Mitchell
dylan.realside@gmail.com",2026-03-23,dylan.realside@gmail.com,Dylan Mitchell
Affordable Care,affordablecare.com,,,2,The stat that surprised most DSO ops teams we talk to,"Hi Affordable Care team,

Here's something that tends to catch DSO operators off guard: industry data suggests dental practices miss between 35-40% of inbound calls on average — most occurring during lunch hours, after 5pm, and on weekends.

For a network the size of Affordable Care, that's a significant volume of patients who called once and moved on to the next provider in their search results.

The practices that recover the fastest aren't hiring more staff — they're using AI to handle overflow and after-hours calls automatically.

Happy to show you what that looks like for a network your size if you have 15 minutes.

calendly.com/realsideai

Dylan Mitchell
dylan.realside@gmail.com",2026-03-23,dylan.realside@gmail.com,Dylan Mitchell
Affordable Care,affordablecare.com,,,3,What Aspen Dental and Heartland are doing differently on lead response,"Hi Affordable Care team,

Larger DSO networks like Aspen and Heartland have been quietly investing in AI-driven patient communication — particularly around speed-to-contact for new ad leads.

The data behind this is hard to ignore: leads contacted within 2 minutes of submitting a form convert at nearly 8x the rate of leads contacted after 30 minutes. Most front desks simply can't hit that window consistently.

Our AI Outbound Agent handles that first contact automatically — qualifying the lead, answering basic questions, and booking the appointment before a competitor calls them.

Worth a quick look if patient acquisition is a priority this year. Book a time here: calendly.com/realsideai

Dylan Mitchell
dylan.realside@gmail.com",2026-03-25,dylan.realside@gmail.com,Dylan Mitchell
Affordable Care,affordablecare.com,,,4,Closing the loop on this,"Hi Affordable Care team,

I won't keep filling your inbox — I know you're running a large organization and the timing may simply not be right.

If AI-assisted call handling and patient reactivation ever become a priority for your affiliated practices, I'd be glad to pick this conversation back up. No pressure at all.

And if this genuinely isn't a fit, a quick reply letting me know saves us both time — I'd appreciate it either way.

Wishing the Affordable Care team continued growth.

Dylan Mitchell
dylan.realside@gmail.com
calendly.com/realsideai",2026-03-27,dylan.realside@gmail.com,Dylan Mitchell
