business_name,phone,email,website,address,city,rating,reviews,category,lead_score
Air Tech of Houston AC & Plumbing,(832) 680-5546,,https://www.airtechofhouston.com/locations/houston-tx/?utm_source=google-gbp&utm_medium=organic&utm_campaign=*19*air-tech-houston,"2114 Lou Ellen Ln, Houston, TX 77018",Houston TX,4.9,5785,HVAC contractor,100
Cool Care Heating and Air Conditioning,(713) 979-5132,,https://www.coolcareac.com/?utm_source=gbp&utm_medium=organic,"2015 Bauer Dr, Houston, TX 77080",Houston TX,5,336,HVAC contractor,100
Aire Serv of Central & West Houston,(832) 432-7888,,https://aireserv.com/central-west-houston/?cid=LSTL_ASV-US000187&utm_source=gmb&utm_campaign=local&utm_medium=organic,"3100 Weslayan St Suite 232, Houston, TX 77027",Houston TX,4.9,198,HVAC contractor,100
Bellaire Air Conditioning,(713) 428-2279,,https://www.bellaireair.com/?utm_source=google&utm_medium=organic&utm_term=gbp,"5414 Ashbrook Dr, Houston, TX 77081",Houston TX,4.9,483,HVAC contractor,100
Mission Air Conditioning & Plumbing,(281) 502-2062,,https://www.missionac.com/locations/houston-tx/?utm_source=google&utm_medium=organic&utm_campaign=gbp,"1630 Elmview Dr, Houston, TX 77080",Houston TX,4.8,2864,HVAC contractor,100
Dave Lane's Hi-Tech Mechanical Inc.,(713) 465-6345,,http://www.davelaneair.com/,,Houston TX,4.9,1008,HVAC contractor,100
Ace Comfort Air Conditioning & Heating,(281) 658-5141,,http://www.acecomfort-tx.com/,"601 Milwaukee St, Houston, TX 77009",Houston TX,5,179,HVAC contractor,100
"Air Current AC & Heat, LLC",(713) 459-2971,,https://www.aircurrenthouston.com/,"8703 Bonhomme Rd, Houston, TX 77074",Houston TX,5,168,HVAC contractor,100
Revolution Air,(713) 213-4966,,http://www.revairtx.com/,"1300 W 19th St #7827, Houston, TX 77008",Houston TX,4.7,123,HVAC contractor,100
Bodensteiner Service Inc,(713) 868-0050,,https://www.bsiairhouston.com/,"3403 Houston Ave, Houston, TX 77009",Houston TX,5,1053,Air conditioning repair service,100
JAVCO Air Conditioning & Heating,(832) 731-6165,,https://javcoac.com/,,Houston TX,5,214,Air conditioning repair service,100
One Hour Air Conditioning & Heating® of Houston,(281) 407-9754,,https://www.onehourheatandair.com/houston/?utm_source=organic&utm_medium=GBP&utm_campaign=gbp_main,"4455 W Sam Houston Pkwy N, Houston, TX 77041",Houston TX,4.8,10034,HVAC contractor,100
"Master AC and Heat, LLC- The Heights",(713) 750-9769,,http://masteracandheat.com/,"2607 North Fwy, Houston, TX 77009",Houston TX,4.8,166,Air conditioning contractor,100
Be Cool AC & Heating,(832) 906-6113,,https://becoolachouston.com/?utm_source=google&utm_medium=organic&utm_campaign=gbp-listing,"7710 Cherry Park Dr Ste T418, Houston, TX 77095",Houston TX,5,580,Air conditioning repair service,100
Richmonds Air,(713) 999-4735,,https://www.richmondsair.com/?utm_source=gmb&utm_medium=website,,Houston TX,4.8,357,Air conditioning repair service,100
Uptown Heating & Air Conditioning,(832) 709-0236,,https://www.uptownac.com/,"11211 Richmond Ave Suite B102, Houston, TX 77082",Houston TX,4.9,2498,Air conditioning contractor,100
24 Seven AC,(713) 832-5545,,https://24sevenac.net/?utm_campaign=gmb,"2415 S Dairy Ashford Rd Suite C005, Houston, TX 77077",Houston TX,4.9,333,Air conditioning contractor,100
H-Town AC Repair HVAC services Houston,(832) 404-2062,,https://htownacrepair.com/,"4243 Purdue St A, Houston, TX 77005",Houston TX,4.8,263,Air conditioning repair service,100
Dallas Heating and Air Conditioning,(972) 423-0012,,http://www.dallasheatingac.com/,"5050 Quorum Dr Ste 700, Dallas, TX 75254",Dallas TX,4.8,217,HVAC contractor,100
Unlimited Air Conditioning and Heating,(945) 998-7066,,https://unlimitedairandheating.com/,"822 Woodlawn Ave, Dallas, TX 75208",Dallas TX,4.8,240,HVAC contractor,100
Alpha Heating & Cooling Llc.,(214) 945-8799,,https://alphahvac.site/,"1910 Pacific Ave Suite 12000, Dallas, TX 75201",Dallas TX,5,129,HVAC contractor,100
Rescue Air and Plumbing,(972) 201-3253,,https://www.rescueairtx.com/?utm_source=Google&utm_medium=GBP&utm_campaign=Organic_GBP_Rescue,"9639 Greenville Ave, Dallas, TX 75243",Dallas TX,4.9,3778,HVAC contractor,100
Moss Heating & Cooling,(972) 733-6802,,https://www.askmoss.com/?utm_source=google&utm_medium=gbp&se_campaign=GBP,"11145 Morrison Ln, Dallas, TX 75229",Dallas TX,4.9,958,HVAC contractor,100
Quigley Heating & Air Conditioning of Dallas,(214) 526-8533,,https://quigleyac.com/?utm_source=google+business+listing&utm_medium=organic&utm_campaign=click+to+website,"13720 Diplomat Dr, Farmers Branch, TX 75234",Dallas TX,4.9,569,HVAC contractor,100
Coolinary Arts Heating & Cooling,(972) 975-2665,,https://callcoolinaryarts.com/?utm_source=google&utm_medium=gbp&utm_campaign=Dallas,"5200 McKinney Ave, Dallas, TX 75205",Dallas TX,5,238,HVAC contractor,100
Tiger Air and Heating,(214) 214-6922,,http://www.tigerairtx.com/?utm_source=google&utm_medium=organic&utm_campaign=gbp,"17606 Preston Rd, Dallas, TX 75252",Dallas TX,5,460,HVAC contractor,100
"Jade Air, LLC",(214) 923-7904,,http://jadeair.net/,"2243 Vagas St, Dallas, TX 75219",Dallas TX,4.8,146,HVAC contractor,100
"Harlen Johnson HVAC, Plumbing & Electrical",(972) 241-7771,,https://hjac.com/?utm_campaign=gmb,"2643 Royal Ln, Dallas, TX 75229",Dallas TX,4.8,1164,HVAC contractor,100
Metro Air Conditioning Heating & Services,(214) 304-7658,,https://www.metroacs.com/,"126 W Illinois Ave, Dallas, TX 75224",Dallas TX,4.8,339,HVAC contractor,100
TemperaturePro,(469) 485-5115,,http://www.temperatureprodallas.com/?utm_source=google&utm_medium=organic&utm_campaign=gbp-gaston,"6301 Gaston Ave Suite 1314, Dallas, TX 75214",Dallas TX,5,196,HVAC contractor,100
Texas AirZone LLC,(214) 851-3886,,https://www.texasairzone.com/?utm_source=Google&utm_medium=GBP&utm_campaign=Organic_GBP_TAZ,"10763 Mapleridge Dr, Dallas, TX 75238",Dallas TX,5,827,HVAC contractor,100
"Cody & Sons Plumbing, Heating & Air",(469) 200-3366,,http://www.codyandsons.com/,"209 W Clarendon Dr, Dallas, TX 75208",Dallas TX,4.9,2244,HVAC contractor,100
Appliance & Air Care Experts,(972) 771-5987,,https://www.applianceandaircare.com/?utm_source=google&utm_medium=organic&utm_campaign=gbp,"2701 Fondren Dr #133, Dallas, TX 75206",Dallas TX,4.9,516,Air conditioning repair service,100
Sala Air Conditioning,(214) 742-7252,,https://salaair.com/,"4530 Mint Way, Dallas, TX 75236",Dallas TX,4.9,153,Air conditioning repair service,100
Aire Serv of Dallas,(214) 838-7191,,https://www.aireservdallas.com/,"5930 Lyndon B Johnson Fwy, Dallas, TX 75240",Dallas TX,4.8,249,Air conditioning repair service,100
Eastin Heating and Air,(972) 278-0613,,http://www.eastinair.com/?utm_campaign=gmb,"3838 Oak Lawn Ave Suite#1000, Dallas, TX 75219",Dallas TX,4.8,483,HVAC contractor,100
"Lex - Air Conditioning, Heating, Plumbing, Electrical",(972) 424-2473,,https://www.lexairconditioning.com/,,Dallas TX,4.8,737,Air conditioning repair service,100
Goettl Air Conditioning and Plumbing - San Antonio TX,(210) 460-3966,,https://www.goettl.com/location/san-antonio-texas/?utm_source=Google&utm_medium=GMB&utm_campaign=SAT.GMB_Google_Business_Profile,"7847 Fortune Dr, San Antonio, TX 78250",San Antonio TX,4.8,10443,HVAC contractor,100
ASC Heating & Air Conditioning,(210) 761-5130,,https://allseasonsac-sa.com/,"410 W Rhapsody Dr Suite C, San Antonio, TX 78216",San Antonio TX,4.9,530,HVAC contractor,100
Blueline Heating & Air Conditioning LLC,(210) 686-5500,,https://bluelineac.net/,"401 Isom Rd #540, San Antonio, TX 78216",San Antonio TX,5,324,HVAC contractor,100
Above All Air,(210) 954-6255,,https://www.aboveallair4u.com/,,San Antonio TX,4.8,363,HVAC contractor,100
1st Call Plumbing & AC,(210) 446-0200,,https://1stcallplumbingandac.com/,"5511 Brewster St, San Antonio, TX 78233",San Antonio TX,4.9,1982,HVAC contractor,100
Comfort-Air Engineering & Primo Plumbing,(210) 672-1874,,https://www.comfort-air.com/?utm_campaign=gmb&utm_medium=organic&utm_source=google,"11411 Jones Maltsberger Rd, San Antonio, TX 78216",San Antonio TX,4.8,482,HVAC contractor,100
Rosenberg Plumbing & Air,(210) 503-7388,,https://rosenberghvac.com/?utm_source=Google&utm_medium=GBP&utm_campaign=Organic_GBP_Rosenberg,"4335 Vance Jackson Rd Suite 505, San Antonio, TX 78230",San Antonio TX,4.9,2544,HVAC contractor,100
Champion AC - Climate Magic,(210) 972-8796,,https://www.championac.com/air-conditioning/?utm_source=google-gbp&utm_medium=organic&utm_campaign=*258*champion-ac-san-antonio,"114 W Rhapsody Dr, San Antonio, TX 78216",San Antonio TX,4.9,467,HVAC contractor,100
ReliaBee Air Electric Plumbing,(210) 624-8776,,https://reliabee.com/?utm_source=google&utm_medium=organic&utm_campaign=gbp,"14886 Tradesman Dr ste 116, San Antonio, TX 78249",San Antonio TX,5,864,HVAC contractor,100
AIR SYSTEMS A/C-HEATING AND REFRIGERATION,(210) 738-2665,,http://airsystemsac.com/,"3700 Fredericksburg Rd #121, San Antonio, TX 78201",San Antonio TX,4.9,294,Air conditioning contractor,100
Cowboy's Air Conditioning & Heating,(210) 405-8925,,https://www.cowboysac.com/,"6510 Blanco Rd, San Antonio, TX 78216",San Antonio TX,4.7,3880,HVAC contractor,100
Felix Air Services,(726) 249-5961,,https://felixairservices.com/,"130 Laurelwood Dr, San Antonio, TX 78213",San Antonio TX,5,236,HVAC contractor,100
Zero Heating AC & Refrigeration,(210) 900-0824,,http://zerohvacandrefrigeration.com/,"114 Park Plaza, San Antonio, TX 78237",San Antonio TX,5,538,HVAC contractor,100
Radiant Plumbing & Air Conditioning,(210) 934-3761,,https://radiantplumbing.com/san-antonio/?utm_source=google&utm_medium=businesslisting&utm_campaign=stx-brand_gmb_1023&utm_content=stx-brand,"10927 Wye Dr #102, San Antonio, TX 78217",San Antonio TX,4.8,2153,HVAC contractor,100
Air Care & Canyon Lake Air Conditioning,(210) 495-3555,,https://www.aircare-sa.com/,"11723 Warfield St, San Antonio, TX 78216",San Antonio TX,4.9,735,HVAC contractor,100
Air Dynamics Mechanical,(210) 852-3535,,http://www.airdynamicsmech.com/,"9514 Middlex Dr, San Antonio, TX 78217",San Antonio TX,4.9,226,HVAC contractor,100
Will Fix It,(210) 866-8048,,https://www.willfixit.com/locations?utm_source=google&utm_medium=gbp&utm_campaign=local_seo&utm_content=gbp_website_click,"3535 Metro Pkwy, San Antonio, TX 78247",San Antonio TX,4.6,8918,HVAC contractor,100
Jon Wayne Service Company,(830) 217-3095,,https://jonwayne.com/service-area/san-antonio/?utm_source=google-gbp&utm_medium=organic&utm_campaign=*432*jon-wayne-san-antonio,"9272 US Hwy 87 E, San Antonio, TX 78263",San Antonio TX,4.8,16612,HVAC contractor,100
Elmer's Home Services,(210) 664-4358,,https://elmershomeservices.com/,"9710 I-35 Frontage Rd, San Antonio, TX 78233",San Antonio TX,4.8,7344,HVAC contractor,100
Premier PROS Plumbing & HVAC,(210) 322-8232,,https://premierpros.us/?utm_campaign=gmb,"2511 S WW White Rd #102, San Antonio, TX 78222",San Antonio TX,4.9,547,HVAC contractor,100
Daley Air,(210) 850-3267,,https://daley-air.com/,"17402 O'Connor Rd Ste 107, San Antonio, TX 78247",San Antonio TX,5,107,HVAC contractor,100
EZ Air Conditioning & Heating,(210) 558-7883,,https://www.ezacandheat.com/,"7217 Bandera Rd, San Antonio, TX 78238",San Antonio TX,4.9,581,HVAC contractor,100
McCullough Heating & Air Conditioning,(512) 877-6043,,https://coolmenow.com/?utm_source=google&utm_medium=gbp-aus,"2620 Buell Ave, Austin, TX 78757",Austin TX,4.8,3186,Air conditioning contractor,100
Strategic Air Services,(512) 253-4773,,https://strategicairservices.com/?utm_source=google&utm_medium=organic&utm_campaign=local,"9600 US-290, Austin, TX 78736",Austin TX,5,421,Air conditioning repair service,100
"Radiant Plumbing, Air Conditioning, & Electrical",(512) 690-4935,,https://radiantplumbing.com/austin/?utm_source=google&utm_medium=businesslisting&utm_campaign=atx-brand_gmb_1023&utm_content=atx-brand,"901 Reinli St, Austin, TX 78751",Austin TX,4.8,16575,HVAC contractor,100
TemperaturePro Austin,(512) 515-9807,,https://temperatureproaustin.com/?utm_source=google&utm_medium=organic&utm_campaign=gbp,"14707 Fitzhugh Rd, Austin, TX 78736",Austin TX,4.9,356,HVAC contractor,100
Eco Air Conditioning,(512) 586-3449,,https://ecoacaustin.com/,"7509 Thomas Springs Rd, Austin, TX 78736",Austin TX,4.9,175,Air conditioning contractor,100
Smart Air Cooling & Heating,(512) 600-4311,,https://smartairaustin.com/?utm_source=gmb&utm_medium=organic,,Austin TX,4.9,694,HVAC contractor,100
Goettl Air Conditioning and Plumbing - Austin TX,(512) 991-2882,,https://www.goettl.com/location/austin-texas/?utm_source=Google&utm_medium=GMB&utm_campaign=AUS.GMB_Google_Business_Profile,"3600 Silver Dollar Cir, Austin, TX 78744",Austin TX,4.8,3733,HVAC contractor,100
"Champion Cooling, Heating & Plumbing",(512) 595-3473,,https://www.championacaustin.com/service-areas/austin/?utm_source=google-gbp&utm_medium=organic&utm_campaign=*60*champion-ac-austin,"1106 Smith Rd Suite 102, Austin, TX 78721",Austin TX,4.8,3211,HVAC contractor,100
A-Plus Air Conditioning & Home Solutions,(512) 361-5050,,https://www.aplusac.com/?utm_source=google&utm_medium=organic&utm_campaign=gmb-profile-austin,"2116 White Horse Trail, Austin, TX 78757",Austin TX,4.9,1236,Air conditioning contractor,100
Strand Brothers Service Experts,(512) 598-6625,,https://www.serviceexperts.com/austin-tx/?&utm_campaign=listing&utm_medium=organic_search&utm_source=gmb&utm_content=brand,"5811 Techni Center Dr, Austin, TX 78721",Austin TX,4.8,7454,HVAC contractor,100
The Coolest LLC,(512) 468-6140,,http://www.thecoolestservice.com/,"4505 Terry-O Ln, Austin, TX 78745",Austin TX,5,779,HVAC contractor,100
Elite Air Conditioning and Plumbing,(512) 637-4237,,https://eliteaustinac.com/?utm_source=gmb&utm_medium=local&utm_campaign=website,"7101 Burleson Rd, Austin, TX 78744",Austin TX,4.9,719,Air conditioning contractor,100
Precision,(512) 379-6385,,https://www.precisionheatac.com/,"1506 Ferguson Ln Suite 101, Austin, TX 78754",Austin TX,4.7,1613,HVAC contractor,100
ABC Austin Service Express LLC,(512) 379-6775,,https://abc-austin-ac-and-heating.lovable.app/,"South Building 3, 1250 Capital of Texas Highhway, #400, Austin, TX 78746",Austin TX,4.9,861,HVAC contractor,100
"Stan's Heating, Air, Plumbing & Electrical",(512) 200-7614,,https://www.stansac.com/?utm_source=GMB&utm_medium=organic&utm_campaign=GMB,"6016 Dillard Cir, Austin, TX 78752",Austin TX,4.7,6161,HVAC contractor,100
ABA Heating and Cooling,(512) 200-9332,,https://abaaustin.com/,"2409 Richcreek Rd #2, Austin, TX 78757",Austin TX,4.7,277,Air conditioning repair service,100
Awesome Air & Heat Service,(512) 327-8383,,http://www.awesomeairtx.com/,,Austin TX,4.9,179,HVAC contractor,100
Atlas AC Repair LLC,(512) 265-1887,,https://atlasacrepair.com/,"3800 N Lamar Blvd #200, Austin, TX 78756",Austin TX,5,472,HVAC contractor,100
Blue Sky Heating and Air,(512) 222-6666,,https://blueskyheatingandair.net/,"5900 Balcones Dr STE 5090, Austin, TX 78731",Austin TX,4.7,388,HVAC contractor,100
Fort Worth Air Conditioning Co. Inc.,(817) 367-6000,,https://fortworth-air.com/,"9105 White Settlement Rd, Fort Worth, TX 76108",Fort Worth TX,4.9,457,HVAC contractor,100
One Hour Air Conditioning & Heating,(817) 766-5706,,https://www.onehourairftworth.com/?utm_source=organic&utm_medium=gbp,"2535 Brennan Ave, Fort Worth, TX 76106",Fort Worth TX,4.7,3204,HVAC contractor,100
Lawrence Air Conditioning & Heating,(817) 886-4506,,http://www.lawrenceairandheat.com/,"7949 Old Decatur Rd, Fort Worth, TX 76179",Fort Worth TX,5,834,HVAC contractor,100
R-10 Heat & Air,(817) 395-1200,,https://www.r10heatandair.com/?utm_source=GMBlisting&utm_medium=organic,"3839 E Loop 820 S, Fort Worth, TX 76119",Fort Worth TX,4.8,210,HVAC contractor,100
Webb Air Heating & Cooling,(817) 535-0881,,https://webbair.com/?utm_source=google&utm_medium=organic&utm_campaign=gbp,"115 S Riverside Dr, Fort Worth, TX 76104",Fort Worth TX,5,440,HVAC contractor,100
Mike Reyes Heating and Air Conditioning Services,(817) 291-8559,,http://mikereyesac.com/,"4609 Rockwood Dr, Fort Worth, TX 76114",Fort Worth TX,5,144,HVAC contractor,100
"AirCo Air Conditioning, Heating and Plumbing",(817) 618-9916,,https://www.airco.com/?utm_source=google&utm_medium=organic&utm_campaign=GMBListing-Fort-Worth-TX,"1900 Robotics Pl, Fort Worth, TX 76118",Fort Worth TX,4.8,4560,HVAC contractor,100
Comfort Experts,(817) 678-1287,,https://comfortexpertsinc.com/?utm_source=GMB&utm_medium=organic&utm_campaign=fort_worth,"4255 Bryant Irvin Rd Ste 211, Fort Worth, TX 76109",Fort Worth TX,4.8,2003,HVAC contractor,100
Texan Heating and Air,(817) 734-3073,,https://www.texanhvac.com/,"5608 Malvey Ave Suite 202, Fort Worth, TX 76107",Fort Worth TX,4.9,385,HVAC contractor,100
Fort Worth Mechanical Group,(817) 801-7084,,http://www.fortworthmechanicalgroup.com/,"4801 N Sylvania Ave, Fort Worth, TX 76137",Fort Worth TX,4.9,161,HVAC contractor,100
Service Experts Fort Worth,(817) 241-5893,,https://www.serviceexperts.com/fort-worth-tx/?&utm_campaign=listing&utm_medium=organic_search&utm_source=gmb&utm_content=brand,"2725 Basswood Blvd Suite #241, Fort Worth, TX 76131",Fort Worth TX,4.8,5018,HVAC contractor,100
Aire Serv of Fort Worth,(817) 900-3858,,https://www.aireserv.com/ft-worth/?cid=LSTL_ASV-US000187&utm_source=gmb&utm_campaign=local&utm_medium=organic,"3024 B Shawnee Trail, Fort Worth, TX 76135",Fort Worth TX,4.8,547,HVAC contractor,100
Fix My Air DFW AC Repair Fort Worth,(817) 839-3511,,https://www.hvacrepairfortworth.com/,"600 W 6th St, W 4th St Floor – Suite 70, Fort Worth, TX 76102",Fort Worth TX,5,302,HVAC contractor,100
Comfort Masters Heating & Air Conditioning,(817) 500-5354,,https://comfortmastersdfw.com/air-conditioning/ac-repair/?utm_source=google&utm_medium=gmb&utm_campaign=GMB%20Fort%20Worth,"6657 Corporation Pkwy #250, Fort Worth, TX 76126",Fort Worth TX,4.9,1145,HVAC contractor,100
North Tarrant Heating & Air Conditioning LLC,(817) 670-3144,,https://www.northtarrantac.com/,"12001 Egg Store Rd, Fort Worth, TX 76244",Fort Worth TX,5,631,Air conditioning repair service,100
Parker & Sons,(602) 424-9619,,https://www.parkerandsons.com/?utm_campaign=gmb_pk-phx_home_cus-all_googlebusinessprofile&utm_medium=gmb&utm_source=google,"3636 E Anne St A, Phoenix, AZ 85040",Phoenix AZ,4.7,32775,HVAC contractor,100
Desert Diamond Air Cooling & Heating,(623) 246-2377,,https://desertdiamondhvac.com/residential/air-conditioning-repair/?utm_source=google&utm_medium=gmb&utm_campaign=phoenix&se_campaign=Google%20My%20Business%20-%20Clicked%20to%20Website,"16602 N 25th Ave, Phoenix, AZ 85023",Phoenix AZ,4.9,2414,HVAC contractor,100
Scottsdale Air Heating & Cooling,(602) 834-2160,,https://www.scottsdaleair.com/,"4747 E Thomas Rd STE F, Phoenix, AZ 85018",Phoenix AZ,4.9,403,HVAC contractor,100
"Day & Night Air Conditioning, Heating, & Plumbing",(602) 584-7758,,https://www.dayandnightair.com/?utm_source=gmb&utm_medium=local&utm_campaign=phoenix-az,"3669 E La Salle St, Phoenix, AZ 85040",Phoenix AZ,4.9,9270,HVAC contractor,100
Goettl Air Conditioning and Plumbing - Phoenix AZ,(602) 517-0039,,https://www.goettl.com/location/phoenix-arizona/?utm_source=Google&utm_medium=GMB&utm_campaign=PHX.GMB_Google_Business_Profile,"4611 E Baseline Rd, Phoenix, AZ 85042",Phoenix AZ,4.7,13738,HVAC contractor,100
Cool Zone Air Conditioning & Heating,(623) 250-0012,,https://www.coolzoneair.com/?utm_source=google&utm_medium=organic&utm_campaign=GMBListing-phoenix-az,"2329 W Mescal St Suite 308, Phoenix, AZ 85029",Phoenix AZ,4.9,569,HVAC contractor,100
Island Breeze Air Conditioning & Heating LLC,(623) 692-6013,,https://islandbreeze-ac.com/,"809 E Fairmount Ave, Phoenix, AZ 85014",Phoenix AZ,5,612,HVAC contractor,100
WISE Cooling & Heating,(480) 575-6077,,http://www.wisecoolingandheating.com/,,Phoenix AZ,5,372,HVAC contractor,100
Sun Devil Heating and Cooling,(602) 466-1932,,https://sundevilaz.com/,"3033 N 35th Ave, Phoenix, AZ 85017",Phoenix AZ,4.8,137,Air conditioning contractor,100
Semper Fi Heating and Cooling,(623) 283-2272,,https://www.semperfiheatingcooling.com/heating-cooling-phoenix-az/?utm_source=GBPSouthPHX,"3726 W Roanoke Ave #4, Phoenix, AZ 85009",Phoenix AZ,4.8,161,HVAC contractor,100
"1st Choice Plumbing, Air & Insulation",(623) 292-3697,,https://1stchoicemechanicalaz.com/air-conditioning-phoenix-az/?utm_source=google&utm_medium=organic&utm_campaign=gbp,"23309 N 17th Dr STE 116, Phoenix, AZ 85027",Phoenix AZ,4.9,1132,HVAC contractor,100
AZ Perfect Comfort Heating & Cooling,(602) 858-8261,,https://azperfectcomfort.com/?utm_source=gbp&utm_medium=organic,"20650 N 29th Pl STE 104, Phoenix, AZ 85050",Phoenix AZ,4.9,705,HVAC contractor,100
Reliance Heating and Air Conditioning,(602) 607-2150,,https://www.relianceac.com/?utm_source=Google&utm_medium=Google+Business+Profile&utm_campaign=GBP,"302 W Lone Cactus Dr, Phoenix, AZ 85027",Phoenix AZ,5,856,HVAC contractor,100
Mountainside Air Conditioning Repair,(480) 914-3425,,https://mountainsideair.com/ac-repair-phoenix-az/?utm_campaign=gmb,"2501 W Behrend Dr suite b-27, Phoenix, AZ 85027",Phoenix AZ,5,532,Air conditioning repair service,100
"Reeis Air Conditioning, Plumbing & Electrical",(480) 581-5683,,http://reeis.com/,"3525 E Corona Ave, Phoenix, AZ 85040",Phoenix AZ,4.9,1706,Air conditioning repair service,100
Benefit Air Conditioning,(602) 840-9229,,http://www.benefitair.com/,"1315 W Indian School Rd, Phoenix, AZ 85013",Phoenix AZ,4.9,702,Air conditioning repair service,100
Ideal Air Conditioning and Insulation,(480) 573-7604,,https://www.idealairaz.com/?utm_campaign=gmb&utm_medium=organic&utm_source=gmb,"4127 E University Dr, Phoenix, AZ 85034",Phoenix AZ,4.9,1358,Air conditioning repair service,100
All Area A/C & Heating,(602) 718-9363,,https://allareaacandheating.com/,"7109 S 19th Dr, Phoenix, AZ 85041",Phoenix AZ,5,214,Air conditioning repair service,100
Same Day Air Repair,(602) 571-1728,,https://samedayairrepair.com/,"1006 W Adams St, Phoenix, AZ 85007",Phoenix AZ,4.8,1725,HVAC contractor,100
Howard Air Service Center,(602) 428-4239,,https://howardair.com/?utm_source=GBP&utm_medium=organic,"13235 N Cave Creek Rd, Phoenix, AZ 85022",Phoenix AZ,4.7,1100,Air conditioning repair service,100
"Rite Way Heating, Cooling & Plumbing",(520) 314-5053,,https://ritewayac.com/?utm_source=google&utm_medium=gmb&utm_campaign=smp_gmb_tucson,"4551 S Alvernon Way, Tucson, AZ 85714",Tucson AZ,4.9,12326,HVAC contractor,100
D&H Air Conditioning & Heating & Plumbing,(520) 477-4409,,https://www.dandhac.com/?utm_source=google&utm_medium=organic&utm_campaign=evans_gbp,"3990 S Evans Blvd, Tucson, AZ 85714",Tucson AZ,4.8,3665,HVAC contractor,100
Alaskan Air Conditioning & Heating Tucson,(520) 815-5555,,https://www.alaskanac.com/?utm_source=google-gbp&utm_medium=organic&utm_campaign=*575*alaskan-air-tucson,"2305 N 7th Ave, Tucson, AZ 85705",Tucson AZ,4.7,3623,HVAC contractor,100
Goettl Air Conditioning and Plumbing - Tucson AZ,(520) 657-0336,,https://www.goettl.com/location/tucson-arizona/?utm_source=Google&utm_medium=GMB&utm_campaign=TUC.GMB_Google_Business_Profile,"4771 S Overland Dr, Tucson, AZ 85714",Tucson AZ,4.7,4542,HVAC contractor,100
Tailored Mechanical,(520) 808-2743,,https://tailoredmechanical.com/,"3144 E Fort Lowell Rd, Tucson, AZ 85716",Tucson AZ,4.9,790,HVAC contractor,100
City Heating and Cooling LLC,(520) 339-7228,,https://www.cityheatingandcooling.org/,"3382 E Holladay St, Tucson, AZ 85706",Tucson AZ,5,414,HVAC contractor,100
Samson and Sons,(520) 437-3014,,http://samsonandsonshvac.com/,"2555 N Coyote Dr # 108, Tucson, AZ 85745",Tucson AZ,4.9,449,HVAC contractor,100
"Perry Heating, Cooling and Plumbing",(520) 200-5425,,https://perryheatingandcooling.com/?utm_source=google-gbp&utm_medium=organic&utm_campaign=*552*perry-tucson,"3266 E Grant Rd, Tucson, AZ 85716",Tucson AZ,4.7,1660,HVAC contractor,100
"Temperature Control, Inc. A/C-Heating & Plumbing - Tucson, AZ",(520) 775-3566,,https://temp-con.com/?utm_source=google+business+listing&utm_medium=organic&utm_campaign=click+to+website&utm_content=tucson,"215 W Lester St, Tucson, AZ 85705",Tucson AZ,4.9,2170,HVAC contractor,100
HVAC Heating & Cooling LLC,(520) 833-8982,,http://hvacheatingandcoolingllc.com/,"2150 W Canada St, Tucson, AZ 85746",Tucson AZ,5,187,HVAC contractor,100
"Mission Heating & Cooling, LLC",(520) 675-4270,,https://www.tucsonazheatingandcooling.com/?utm_source=google&utm_medium=organic&utm_campaign=gbp,"3720 W Hills Of Gold Dr, Tucson, AZ 85745",Tucson AZ,4.9,658,HVAC contractor,100
Dynamic Comfort AC and Heating,(520) 323-0008,,https://dynamiccomfortacandheating.com/,"3855 N Oracle Rd, Tucson, AZ 85705",Tucson AZ,5,586,HVAC contractor,100
"Smart Choice Heating & Cooling, Inc",(520) 955-2544,,http://smartchoicetucson.com/,"1925 W Gardner Ln, Tucson, AZ 85705",Tucson AZ,4.7,661,HVAC contractor,100
Family Air LLC,(520) 399-5850,,https://familyairaz.com/,"2021 E 12th St, Tucson, AZ 85719",Tucson AZ,4.7,403,HVAC contractor,100
Best Choice Heating & Cooling LLC,(520) 815-0889,,https://bestchoicecooling.com/,"625 S Plumer Ave Suite B, Tucson, AZ 85719",Tucson AZ,5,217,HVAC contractor,100
"Intelligent Design Air Conditioning, Plumbing, Solar, & Electric",(520) 333-2665,,https://www.idesignac.com/?utm_source=google&utm_medium=gbp&utm_campaign=gbp_primary_tucson,"1145 E Fort Lowell Rd, Tucson, AZ 85719",Tucson AZ,4.9,3677,HVAC contractor,100
B & J Refrigeration Inc. - Heating and Cooling,(520) 326-9672,,https://bjrefrigeration.com/,"2019 E 17th St, Tucson, AZ 85719",Tucson AZ,4.8,267,HVAC contractor,100
ACS,(520) 402-3444,,https://acshvac.com/?utm_source=gbp&utm_medium=organic&utm_campaign=main_location,"4925 N Shamrock Pl #155, Tucson, AZ 85705",Tucson AZ,4.8,444,HVAC contractor,100
Air Conditioning of Arizona,(480) 250-3882,,https://www.acofaz.net/,"7652 E Greenway Rd Ste 103, Scottsdale, AZ 85260",Scottsdale AZ,5,714,HVAC contractor,100
AC by J,(602) 607-0943,,https://acbyj.com/,"7595 E Gray Rd #1, Scottsdale, AZ 85260",Scottsdale AZ,4.8,2344,Air conditioning repair service,100
Larson Air Conditioning,(480) 470-1280,,https://www.larsonairaz.com/?utm_campaign=gmb&utm_medium=organic&utm_source=google,"7363 E Adobe Dr STE 101, Scottsdale, AZ 85255",Scottsdale AZ,4.9,1741,Air conditioning contractor,100
Alaskan Air Conditioning & Heating,(480) 999-9901,,https://www.alaskanac.com/phoenix-az/service-area/scottsdale/?utm_source=google-gbp&utm_medium=organic&utm_campaign=*578*alaskan-air-conditioning-heating-scottsdale,"9590 E Ironwood Square Dr Ste 230-E, Scottsdale, AZ 85258",Scottsdale AZ,5,317,Air conditioning contractor,100
Cool/Hot Guys AC,(602) 266-5287,,https://coolhotguys.com/,,Scottsdale AZ,4.8,108,Air conditioning contractor,100
Cave Creek Cooling Company,(480) 440-6261,,https://cavecreekcooling.com/,"6616 E Mesquite Rd, Cave Creek, AZ 85331",Scottsdale AZ,5,678,Air conditioning contractor,100
Champion Air,(480) 681-7470,,https://championair.com/service-area/scottsdale/?utm_campaign=gmb&utm_medium=referral&utm_source=gmblisting,"8989 E Vía Linda #117A, Scottsdale, AZ 85258",Scottsdale AZ,4.9,623,HVAC contractor,100
Oasis Air AZ,(480) 485-5630,,https://oasisairaz.com/,"3550 N Goldwater Blvd, Scottsdale, AZ 85251",Scottsdale AZ,4.7,202,Air conditioning contractor,100
True North Air Conditioning,(480) 378-9591,,https://www.truenorthairconditioning.com/,"511 W Guadalupe Rd #7, Gilbert, AZ 85233",Scottsdale AZ,5,599,HVAC contractor,100
All Season Plumbing And Air,(623) 304-8128,,https://allseasonsplumbingandair.com/scottsdale/?utm_source=gmb&utm_medium=scottsdale,"3010 N 67th Pl suite#106, Scottsdale, AZ 85251",Scottsdale AZ,4.9,226,HVAC contractor,100
Cactus Plumbing And Air,(480) 418-9912,,https://cactusplumbingandair.com/scottsdale-plumber-and-ac-repair/?utm_source=gmb&utm_medium=scottsdale,"6730 E McDowell Rd #129, Scottsdale, AZ 85257",Scottsdale AZ,4.9,352,Air conditioning contractor,100
Flow -Tech Air Conditioning Corp.,(305) 264-5051,,https://www.flowtechac.com/,"7023 SW 13th Terrace, Miami, FL 33144",Miami FL,4.8,215,HVAC contractor,100
Cool Solution Services,(305) 505-0871,,http://www.coolsolutionservices.com/,"436 SW 8th St #10, Miami, FL 33130",Miami FL,4.7,192,HVAC contractor,100
Direct Air Conditioning,(786) 884-5021,,https://www.directac123.com/cooling/?utm_source=google-gbp&utm_medium=organic&utm_campaign=*79*direct-air-miami,"12200 SW 129th Ct, Miami, FL 33186",Miami FL,4.8,2581,HVAC contractor,100
RCI Air Conditioning Company,(305) 396-3728,,https://www.rci-air.com/,"16641 SW 117th Ave #10b, Miami, FL 33177",Miami FL,4.9,538,HVAC contractor,100
Reliable Air Conditioning,(305) 325-9283,,https://www.acreliable.com/,"20 Island Ave, Miami Beach, FL 33139",Miami FL,4.5,133,Air conditioning repair service,100
True Cool Air Conditioning Service Inc,(305) 232-7575,,http://www.truecoolac.com/,"5730 SW 74th St #300, South Miami, FL 33143",Miami FL,4.9,390,Air conditioning contractor,100
Coldlife AC - Air Conditioning Services,(305) 351-3087,,https://coldlifeac.com/,"3048 NW 13th St, Miami, FL 33125",Miami FL,5,109,Air conditioning repair service,100
Aircool Miami Services Inc,(305) 796-2724,,https://aircoolmiamiservicesinc.com/,"14300 SW 285th St, Homestead, FL 33033",Miami FL,4.8,285,HVAC contractor,100
Kendale Air Conditioning,(305) 232-3000,,https://www.kendaleair.com/,"11921 SW 130th St #403, Miami, FL 33186",Miami FL,4.8,153,HVAC contractor,100
Air-Con Service Inc,(305) 553-4501,,http://www.air-conservice.com/,,Miami FL,4.9,390,Air conditioning contractor,100
JJ A/C Service,(305) 984-8016,,http://jjacservice.com/,"7401 NW 7th St #6, Miami, FL 33126",Miami FL,4.8,112,HVAC contractor,100
Caldeco Air Conditioning & Heating,(813) 254-2211,,http://www.caldeco.com/,"1709 N Howard Ave, Tampa, FL 33607",Tampa FL,4.8,1144,HVAC contractor,100
REM Air Conditioning of Tampa,(813) 248-5877,,https://www.remairconditioning.com/,"3212 N 40th St #602, Tampa, FL 33605",Tampa FL,4.8,514,HVAC contractor,100
"Kenny's Air Conditioning & Heating Services, Inc.",(813) 875-3669,,https://ackenny.com/,"4418 N Cortez Ave, Tampa, FL 33614",Tampa FL,4.8,289,HVAC contractor,100
The Comfort Authority,(813) 461-4819,,https://www.thecomfortauthority.com/?utm_source=google&utm_medium=gbp,"9608 N Nebraska Ave, Tampa, FL 33612",Tampa FL,4.9,1756,Air conditioning contractor,100
Air Masters of Tampa Bay,(877) 503-0588,,https://airmasters.net/,"4830 N Florida Ave, Tampa, FL 33603",Tampa FL,4.7,1589,HVAC contractor,100
ACS Home Services- Tampa Air Conditioning Repair,(813) 703-1042,,https://www.acshomeservices.com/tampa-air-conditioning-plumbing-electrical/,"1712 E Seward St, Tampa, FL 33604",Tampa FL,4.7,2811,HVAC contractor,100
"Super Heat, Air, And Plumbing",(813) 302-1618,,http://superheatandair.com/,"6101 Johns Rd #1, Tampa, FL 33634",Tampa FL,4.7,3902,HVAC contractor,100
Momentum AC & Electric,(813) 776-5320,,https://www.momentumacpro.com/,"3113 N Armenia Ave, Tampa, FL 33607",Tampa FL,4.9,1385,HVAC contractor,100
"Del-Air Heating, Air Conditioning and Plumbing",(813) 515-0098,,https://www.delair.com/tampa/?utm_source=google&utm_medium=organic&utm_campaign=GMBListing-Tampa,"12302 N Nebraska Ave, Tampa, FL 33612",Tampa FL,4.8,1547,HVAC contractor,100
And Services,(813) 445-4818,,https://www.andservices.com/,"5010 N Cortez Ave, Tampa, FL 33614",Tampa FL,4.6,10620,HVAC contractor,100
Hometown Heating and Air,(813) 773-6500,,https://thehometownair.com/,"3104 N Armenia Ave, Tampa, FL 33607",Tampa FL,4.7,402,HVAC contractor,100
Tank Air Conditioning & Heating,(813) 967-9777,,https://tankac.netlify.app/,"8005 N 40th St, Tampa, FL 33604",Tampa FL,4.7,384,HVAC contractor,100
Fairway Heating & Cooling LLC,(813) 443-9439,,https://fairwayheatingcooling.com/?utm_source=google&utm_medium=gbp&utm_campaign=local-listing_primary,"10004 E Dr Martin Luther King Jr Blvd, Tampa, FL 33610",Tampa FL,4.8,1031,HVAC contractor,100
Action Air Conditioning - AC Repair Tampa,(813) 935-6644,,https://actionairconditioning.com/contact-us/?utm_source=google&utm_medium=gmb&utm_campaign=local-listing_tampa,"8926 N Armenia Ave, Tampa, FL 33604",Tampa FL,4.6,616,Air conditioning repair service,100
Jack Rabbit (Tampa),(813) 592-5399,,https://calljackrabbit.com/tampa/?utm_source=google&utm_medium=gbp&utm_campaign=tampa,"1202 Tech Blvd, Tampa, FL 33619",Tampa FL,4.7,422,Air conditioning repair service,100
3H AC of Tampa,(813) 979-4208,,https://3hac.com/,"930 E 124th Ave, Tampa, FL 33612",Tampa FL,4.9,653,HVAC contractor,100
Tampa AC Repair Guys,(813) 518-8776,,http://actampafl.com/,"5317 56th Commerce Park Blvd, Tampa, FL 33610",Tampa FL,5,201,Air conditioning repair service,100
Gary Munson Heating & Air Conditioning,(407) 955-9648,,https://www.munsonairconditioning.com/?utm_source=gbp&utm_medium=organic,"2230 Curry Ford Rd Suite B, Orlando, FL 32806",Orlando FL,4.8,526,HVAC contractor,100
Golden Comfort AC & Heating Repair,(407) 358-0391,,https://goldencomfortairhvac.com/ac-repair-orlando-fl,"480 N Orange Ave Suite 5, Orlando, FL 32801",Orlando FL,5,124,HVAC contractor,100
ServiceOne Air Conditioning & Plumbing,(407) 499-8333,,https://www.serviceoneac.com/,"4556 36th St, Orlando, FL 32811",Orlando FL,4.9,732,HVAC contractor,100
Orlando HVAC Air Conditioning,(689) 698-5010,,https://www.google.com/maps/search/?api=1&query=Orlando%20HVAC%20Air%20Conditioning&query_place_id=ChIJCx3Mwg9ZlIARzWxxkXOIeRg,"6000 N Orange Blossom Trl, Orlando, FL 32808",Orlando FL,4.9,238,HVAC contractor,100
Our Place Air & Home Repair,(407) 219-9750,,https://www.callourplace.com/?utm_source=omg-gbp&utm_medium=webclick,"1024 W Pine St, Orlando, FL 32805",Orlando FL,4.8,2134,HVAC contractor,100
Frank Gay Services,(407) 490-1361,,https://frankgayservices.com/service-area/orlando/?utm_source=google-gbp&utm_medium=organic&utm_campaign=*107*frank-gay-orlando,"100 Sunport Ln #100, Orlando, FL 32809",Orlando FL,4.7,13490,HVAC contractor,100
ABC Air Conditioning & Heating Specialist,(407) 783-8081,,https://abcairandheat.com/?utm_source=google&utm_medium=organic&utm_campaign=orlando_gbp,"1005 N Pine Hills Rd SUITE B, Orlando, FL 32808",Orlando FL,4.9,1217,HVAC contractor,100
Downtown Air and Heat,(407) 408-7105,,https://downtown-air.com/?utm_campaign=gmb,"311 E Jersey St, Orlando, FL 32806",Orlando FL,4.9,274,HVAC contractor,100
"Mechanical One of Orlando - Air Conditioning, Plumbing and Electrical",(407) 537-2795,,https://mechanicalone.com/locations/orlando-fl/?utm_campaign=gmb,"5257 L B McLeod Rd Suite 1200, Orlando, FL 32811",Orlando FL,5,1167,HVAC contractor,100
Belle Air,(407) 543-2050,,https://belleairac.com/,"379 W Michigan St Ste 200, Orlando, FL 32806",Orlando FL,4.9,1787,HVAC contractor,100
"Ferran Air Conditioning, Electrical & Plumbing",(407) 422-3551,,https://ferran-services.com/service-areas/orlando-fl/,"530 Grand St, Orlando, FL 32805",Orlando FL,4.7,1278,HVAC contractor,100
Fuse HVAC and Appliance Repair,(407) 603-7447,,https://fuseorlando.com/?utm_campaign=gmb,"3429 Seneca Club Loop Unit A, Orlando, FL 32808",Orlando FL,4.6,283,HVAC contractor,100
Service Plus AC & Heating,(321) 277-4408,,http://www.serviceplusac.com/,,Orlando FL,4.9,736,HVAC contractor,100
Local AC,(407) 565-5752,,https://local-ac.com/orlando/,"55 W Church St UNIT 2805, Orlando, FL 32801",Orlando FL,4.6,300,HVAC contractor,100
"Comfort Pros Air & Heat, LLC",(407) 242-7733,,https://www.comfortprosairandheat.com/,"1606 Aber Rd, Orlando, FL 32807",Orlando FL,5,321,HVAC contractor,100
Duncan's Air Conditioning & Heating,(407) 470-7014,,https://www.duncansacorlando.com/,"2251 Lynx Ln Suite 1 Suite 1, Orlando, FL 32804",Orlando FL,4.8,347,HVAC contractor,100
DC / AC Air Conditioning & Heating,(321) 436-6595,,http://www.dcacairandheat.com/,"315 Baron Rd, Orlando, FL 32828",Orlando FL,4.8,266,HVAC contractor,100
Bob Heinmiller Air Conditioning Inc,(407) 374-0779,,https://bobheinmiller.com/,"1537 W Smith St, Orlando, FL 32804",Orlando FL,4.7,488,HVAC contractor,100
"Snyder Air Conditioning, Plumbing & Electric",(904) 274-4454,,https://snyderac.com/north-florida/jacksonville/?utm_source=google-gbp&utm_medium=organic&utm_campaign=*182*snyder-air-jacksonville,"3401 Southside Blvd, Jacksonville, FL 32216",Jacksonville FL,4.9,12996,Air conditioning contractor,100
Hammond Heating & Air Conditioning,(904) 893-3341,,https://www.hammondair.com/jacksonville-fl/,"3412 Galilee Rd, Jacksonville, FL 32207",Jacksonville FL,4.9,1206,HVAC contractor,100
"Cool R Us, Inc A/C & Heating",(904) 592-0651,,https://www.coolrusnfl.com/,"3006 Mercury Rd S, Jacksonville, FL 32207",Jacksonville FL,4.9,2079,Air conditioning contractor,100
"Weather Engineers, Inc.",(904) 593-3721,,https://weatherengineers.com/jacksonville-fl-air-conditioning-services/,"1000 Edison Ave, Jacksonville, FL 32204",Jacksonville FL,4.9,759,Air conditioning contractor,100
Elite AC,(904) 420-0075,,https://eliteacllc.com/,"6060 Chester Cir, Jacksonville, FL 32217",Jacksonville FL,4.8,2152,Air conditioning contractor,100
"Guardian HVAC LLC, DBA Guardian Heating and Air",(904) 776-4225,,http://www.getcooljax.com/,"2061 Emerson St Suite B, Jacksonville, FL 32207",Jacksonville FL,5,390,HVAC contractor,100
Ideal Conditions Heating & Air Conditioning,(904) 379-8762,,https://idealconditionsjax.com/?utm_source=google&utm_medium=organic&utm_campaign=GMBListing-Jacksonville-FL,"1617 Rowe Ave, Jacksonville, FL 32208",Jacksonville FL,4.9,1122,Air conditioning contractor,100
Del-Air Heating & Air Conditioning,(904) 278-0339,,https://www.delair.com/jacksonville/?utm_source=google&utm_medium=organic&utm_campaign=gbp,"5801 Philips Hwy Unit 2, Jacksonville, FL 32216",Jacksonville FL,4.7,3634,HVAC contractor,100
NorthPort Heating and Air Conditioning,(904) 438-4822,,http://www.jacksonvilleacservice.com/,"2905 Spring Park Rd, Jacksonville, FL 32207",Jacksonville FL,4.9,610,Air conditioning contractor,100
"Noble Heating & Air, Inc",(904) 413-8020,,http://nobleheatingairservices.com/,"8825 Perimeter Park Blvd ste 201, Jacksonville, FL 32216",Jacksonville FL,5,371,Air conditioning contractor,100
Buehler Air Conditioning & Plumbing,(904) 605-0332,,https://buehlerair.com/?utm_source=google&utm_medium=organic&utm_campaign=GMBListing-Jacksonville-Beach-FL,"207 20th St N, Jacksonville Beach, FL 32250",Jacksonville FL,5,5272,Air conditioning contractor,100
J&W Heating and Air & Plumbing,(904) 764-0040,,https://www.jandwheatingandair.com/?utm_source=google&utm_medium=gbp,"5011 Sunbeam Rd, Jacksonville, FL 32257",Jacksonville FL,4.9,5633,HVAC contractor,100
Bold City Heating & Air,(904) 379-1648,,https://boldcityac.com/,"8400 Baymeadows Way Suite 1, Jacksonville, FL 32256",Jacksonville FL,4.9,1984,Air conditioning repair service,100
David Gray,(904) 605-8190,,https://www.davidgrayonline.com/,"6491 Powers Ave Suite 2, Jacksonville, FL 32217",Jacksonville FL,4.7,813,HVAC contractor,100
Service Experts Jacksonville,(904) 560-5878,,https://www.serviceexperts.com/jacksonville-fl?&utm_campaign=listing&utm_medium=organic_search&utm_source=gmb&utm_content=brand,"8475 Western Way STE 100, Jacksonville, FL 32256",Jacksonville FL,4.9,3760,HVAC contractor,100
Quality Air Conditioning Company,(954) 504-6314,,https://www.qualityac.com/,"720 W McNab Rd, Fort Lauderdale, FL 33309",Fort Lauderdale FL,4.8,985,HVAC contractor,100
"Comfort Zone Air Conditioning, Inc",(754) 666-7023,,https://www.czairconditioning.com/,,Fort Lauderdale FL,4.8,371,HVAC contractor,100
"Aloha Air Conditioning, Inc.",(954) 772-0079,,https://www.alohaac.com/,"1217 E Broward Blvd, Fort Lauderdale, FL 33301",Fort Lauderdale FL,4.7,143,HVAC contractor,100
Cool Air USA,(877) 692-4651,,http://coolairusa.com/?utm_campaign=gmb,"3901 NW 16th St, Lauderhill, FL 33311",Fort Lauderdale FL,4.9,4712,HVAC contractor,100
Air Magic,(954) 491-4557,,https://www.airmagicair.com/?utm_source=google&utm_medium=organic&utm_campaign=gbp,"3415 NE 12th Terrace, Oakland Park, FL 33334",Fort Lauderdale FL,4.9,790,HVAC contractor,100
Air Anytime,(954) 569-5155,,https://www.airanytime.com/,"960 NW 36th St, Oakland Park, FL 33309",Fort Lauderdale FL,4.9,506,HVAC contractor,100
Air Pros (Fort Lauderdale),(954) 859-1228,,https://airprosusa.com/fort-lauderdale/?utm_source=organic&utm_medium=organic&utm_campaign=fort-lauderdale&utm_id=gbp,,Fort Lauderdale FL,4.6,210,HVAC contractor,100
Cajun Bear AC Repair,(954) 850-1204,,https://cajunbearacrepair.com/,,Fort Lauderdale FL,5,552,HVAC contractor,100
Cool by Design AC Repair & Heating,(954) 710-9252,,https://coolbydesignfl.com/furnace-repair-oakland-park-fl/?utm_source=google&utm_medium=organic&utm_campaign=gmb,"4812 NE 12th Ave, Oakland Park, FL 33334",Fort Lauderdale FL,5,398,HVAC contractor,100
A Star Air Conditioning,(954) 761-2600,,http://www.astarairconditioning.com/,"3921 SW 47th Ave #1003, Fort Lauderdale, FL 33314",Fort Lauderdale FL,4.9,170,HVAC contractor,100
Abraham AC & Heating Services,(954) 433-6504,,https://www.abrahamac.com/,"4543 Powerline Rd, Oakland Park, FL 33309",Fort Lauderdale FL,4.7,609,HVAC contractor,100
License To Chill,(954) 539-9599,,https://licensetochillac.com/?utm_source=google&utm_medium=organic&utm_campaign=gmb-profile-pompanobeach,"140 SW 5th St, Pompano Beach, FL 33060",Fort Lauderdale FL,4.9,401,Air conditioning repair service,100
All American Heating & Cooling,(941) 451-5228,,https://allamericanhc.com/,"1351 Global Ct, Sarasota, FL 34240",Sarasota FL,4.9,365,HVAC contractor,100
Wentzel's Heating & Air Conditioning,(941) 925-2430,,https://wentzelheatingandair.com/,"51 Alafia Dr, Sarasota, FL 34240",Sarasota FL,4.9,2104,HVAC contractor,100
Veteran Air Heating & Air Conditioning,(941) 202-3691,,https://www.veteranair.com/?utm_source=google-gbp&utm_medium=organic&utm_campaign=*212*veteran-air-sarasota,"6720 33rd St E, Sarasota, FL 34243",Sarasota FL,4.7,10114,HVAC contractor,100
"Cool Today - Cooling, Plumbing, Electrical",(941) 202-3751,,https://www.cooltoday.com/?utm_source=google&utm_medium=organic&utm_campaign=Google_HVAC_GMB_Central&utm_content=Website,"7260 15th St E, Sarasota, FL 34243",Sarasota FL,4.8,12790,HVAC contractor,100
"D & D Air Conditioning, Inc",(941) 479-3565,,http://www.ddair.com/,"2160 Princeton St, Sarasota, FL 34237",Sarasota FL,4.8,1327,HVAC contractor,100
"Sean McCutcheon's Air Conditioning and Heating, Inc.",(941) 921-7208,,http://www.keepingsarasotacool.com/,"5696 Pinkney Ave, Sarasota, FL 34233",Sarasota FL,4.9,1094,HVAC contractor,100
Big Bear Heating & Air,(941) 899-3540,,https://bigbearac.com/?utm_source=Google&utm_medium=organic&utm_campaign=gbp,"8231 Blaikie Ct, Sarasota, FL 34240",Sarasota FL,5,228,HVAC contractor,100
AirNow Air Conditioning,(941) 257-9228,,https://www.airnowtoday.com/,"2331 Whitfield Industrial Way, Sarasota, FL 34243",Sarasota FL,4.9,1959,HVAC contractor,100
AC Today: Heating & Air Conditioning,(941) 306-3187,,https://www.actoday-fl.com/?utm_campaign=gmb&utm_medium=organic&utm_source=gmb,"6620 19th St E, Sarasota, FL 34243",Sarasota FL,4.7,1230,HVAC contractor,100
Green Cooling Solutions,(941) 401-4379,,https://www.greencoolingsolutions.com/?utm_source=google&utm_medium=organic&utm_campaign=gmb&utm_content=listing,"1743 Independence Blvd Suite D1 & D2, Sarasota, FL 34234",Sarasota FL,5,727,HVAC contractor,100
Gary Air,(941) 957-9641,,http://www.garyair.com/?utm_source=Google&utm_medium=Organic&utm_campaign=GARY-AIR,"1891 N East Ave, Sarasota, FL 34234",Sarasota FL,4.9,981,HVAC contractor,100
Canaday Cooling & Heating,(941) 228-7903,,https://canadaycoolingandheating.com/,,Sarasota FL,5,590,HVAC contractor,100
Badger Bob's Services,(941) 225-2186,,http://www.badgerbobs.com/,"215 Interstate Blvd, Sarasota, FL 34240",Sarasota FL,4.9,8865,HVAC contractor,100
American Plumbing Heating & Cooling,(941) 294-4488,,https://www.americanphc.com/?utm_source=google&utm_medium=gbp&utm_campaign=sarasota,"6300 Tower Ln #3, Sarasota, FL 34240",Sarasota FL,4.9,264,HVAC contractor,100
Aqua Plumbing & Air Downtown Sarasota,(941) 366-7676,,https://aquaplumbingsarasota.com/,"1990 Main St #750, Sarasota, FL 34236",Sarasota FL,4.9,2021,Air conditioning repair service,100
D & W Heating & Air Conditioning,(941) 479-9889,,https://www.theairspecialist.com/,"2251 Sarasota Center Blvd, Sarasota, FL 34240",Sarasota FL,4.9,873,Air conditioning repair service,100
Moncrief Heating & Air Conditioning,(470) 964-5141,,https://www.moncriefair.com/?utm_source=google&utm_medium=organic&utm_campaign=GMBListing-Atlanta-GA,"935 Chattahoochee Ave NW, Atlanta, GA 30318",Atlanta GA,4.8,3225,HVAC contractor,100
Hope Heating & AC Repair,(678) 916-9828,,https://hopehvac.com/service/ac-repair-atlanta-ga/?utm_source=google&utm_medium=organic&utm_campaign=gbp_atlanta,"95 Cliftwood Dr NE Suite C, Atlanta, GA 30328",Atlanta GA,5,563,HVAC contractor,100
Estes Services,(404) 366-9620,,https://www.estesair.com/,"3981 Tradeport Blvd, Atlanta, GA 30354",Atlanta GA,4.9,4688,HVAC contractor,100
INDOOR EXPERTS HEATING & AIR CONDITIONING,(678) 506-2226,,https://www.indoorexperts.com/?utm_campaign=gmb,"390 Stovall St SE, Atlanta, GA 30316",Atlanta GA,4.8,102,HVAC contractor,100
"Coolray Heating, Cooling, Plumbing & Electrical",(615) 237-1603,,https://www.coolray.com/tn/nashville,"1717 Elm Hill Pike Ste B2, Nashville, TN 37210",Atlanta GA,4.8,3804,HVAC contractor,100
"PV Heating, Cooling & Plumbing",(470) 223-6782,,http://www.pvhvac.com/,"3605 Clearview Pkwy, Atlanta, GA 30340",Atlanta GA,4.9,2609,HVAC contractor,100
Berry Good Heating and Air,(770) 990-6809,,https://berrygoodheatingandair.com/,,Atlanta GA,4.7,133,HVAC contractor,100
"Essential Heating & Air Conditioning, Inc.",(770) 210-4822,,http://www.essentialheatandair.com/,"675 Herron Trace, Atlanta, GA 30349",Atlanta GA,4.8,269,HVAC contractor,100
Empire Heating & Air Conditioning Inc,(404) 294-0900,,https://empirehvac.com/?utm_source=GBP&utm_medium=organic&utm_campaign=Location+Link&utm_id=GBP+Link+Experiement,"783 Dekalb Industrial Way, Decatur, GA 30033",Atlanta GA,4.9,1151,HVAC contractor,100
Mayott Heating and Air Conditioning,(678) 698-7840,,https://www.google.com/maps/search/?api=1&query=Mayott%20Heating%20and%20Air%20Conditioning&query_place_id=ChIJQ5se_U7h9IgRDf1gtrY2gHo,,Atlanta GA,4.8,347,HVAC contractor,100
Cunningham Associates,(770) 343-7565,,https://www.cunninghamhvac.com/,"3114 Marjan Dr, Atlanta, GA 30340",Atlanta GA,4.8,1134,HVAC contractor,100
The Air Company,(404) 583-7788,,https://www.theaircompanyga.com/?utm_source=google&utm_medium=organic&utm_campaign=gmb,"10 Glenlake Pkwy NE Suite 130, Atlanta, GA 30328",Atlanta GA,5,371,HVAC contractor,100
Old Coast Heating & Air Conditioning,(912) 232-6586,,http://www.oldcoasthvac.com/,"2206 Price St, Savannah, GA 31401",Savannah GA,4.8,1116,Air conditioning contractor,100
Air Therm LLC,(912) 736-3747,,https://www.airthermsavannah.com/?utm_source=google&utm_medium=organic&utm_campaign=GMBListing-Savannah-GA,"3916 Ogeechee Rd, Savannah, GA 31405",Savannah GA,4.9,617,HVAC contractor,100
Savannah Air Factory,(912) 665-6898,,https://savannahairfactory.com/?utm_source=google&utm_medium=organic&utm_campaign=gbp-profile,"25 Posey St suite b, Savannah, GA 31406",Savannah GA,4.9,482,HVAC contractor,100
Byrd Heating & Air Conditioning,(912) 231-4739,,https://byrdheatingandair.com/,"4131 Ogeechee Rd Ste 131, Savannah, GA 31405",Savannah GA,4.8,726,Air conditioning contractor,100
"Canady's Heating, Air, & Plumbing",(912) 200-7265,,https://canadys.com/?utm_source=google&utm_medium=organic&utm_campaign=GMBListing-Travis-St,"24 Travis St, Savannah, GA 31406",Savannah GA,4.9,2955,Air conditioning contractor,100
"Service Emperor Heating, Air Conditioning, & Plumbing Repair Services",(912) 250-4208,,https://serviceemperor.com/air-conditioning/air-conditioning-repair/?utm_campaign=gmb&utm_medium=organic&utm_source=gmb,"2 E Bryan St Suite 438, Savannah, GA 31401",Savannah GA,4.9,104,Air conditioning contractor,100
Aire Serv of Savannah,(912) 785-8340,,https://www.aireserv.com/savannah/?cid=LSTL_ASV-US000187&utm_source=gmb&utm_campaign=local&utm_medium=organic,"117 W 58th St, Savannah, GA 31405",Savannah GA,4.9,251,HVAC contractor,100
Westberry Heating & Air Conditioning,(912) 232-3800,,https://www.westberryhvac.com/,"22 Bryce Industrial Dr, Savannah, GA 31405",Savannah GA,4.9,213,HVAC contractor,100
Stellar Air,(912) 867-8000,,http://www.stellarair.com/,"6555 Abercorn St Suite 228, Savannah, GA 31405",Savannah GA,4.8,116,HVAC contractor,100
Comfort Air Corporation,(912) 500-2194,,https://comfortairsav.com/?utm_source=google-gbp&utm_medium=organic&utm_campaign=*69*comfort-air-savannah,"9 Executive Cir, Savannah, GA 31406",Savannah GA,4.7,238,HVAC contractor,100
"Climatech Air, Inc",(912) 417-5398,,https://climatechair.com/,"121 W Derenne Ave, Savannah, GA 31405",Savannah GA,4.5,220,HVAC contractor,100
AAction Air Conditioning & Heating Co.,(912) 897-2247,,https://savannah.aactionair.net/,"6720 Johnny Mercer Blvd, Savannah, GA 31410",Savannah GA,4.7,453,Air conditioning contractor,100
McDevitt Air,(877) 692-9402,,https://mcdevittair.com/,"600 W 51st St, Savannah, GA 31405",Savannah GA,4.5,131,Air conditioning contractor,100
McCall's HVAC,(912) 898-1888,,https://www.mccallshvac.com/,"1306 Heidt Ave Ste C, Savannah, GA 31408",Savannah GA,4.7,122,Air conditioning contractor,100
Total Services Heating and Air Conditioning,(912) 504-6655,,https://totalserviceshvac.com/,,Savannah GA,4.9,617,HVAC contractor,100
Gordon's Heating & Air llc,(912) 330-1470,,https://gordonsheatingandair.com/,"24 Commerce Pl, Savannah, GA 31406",Savannah GA,4.9,577,HVAC contractor,100
Horne Heating and Air Conditioning,(704) 321-4173,,https://hornehvac.com/,"6805 Craig St, Charlotte, NC 28214",Charlotte NC,4.9,3118,HVAC contractor,100
"Bradham Comfort Services, Inc.",(704) 912-1456,,https://www.bradhambrothers.com/,"6128 Rozzelles Ferry Rd, Charlotte, NC 28214",Charlotte NC,4.9,2715,HVAC contractor,100
HL Bowman Inc Plumbing Heating & AC,(704) 243-5308,,https://hlbowman.com/locations/charlotte-nc/?utm_source=charlotte+google+business+listing&utm_medium=organic&utm_campaign=website+click,"9771 Southern Pine Blvd suite f, Charlotte, NC 28273",Charlotte NC,4.8,875,HVAC contractor,100
Super Cool HVAC,(704) 899-2665,,http://www.supercoolcharlotte.com/,"954 N Davidson St, Charlotte, NC 28206",Charlotte NC,5,679,HVAC contractor,100
One Hour Heating & Air Conditioning of Charlotte,(704) 703-4220,,https://dependaworthyonehour.com/?utm_source=GBP&utm_medium=organic&utm_campaign=gbp_charlotte,"3030 Whitehall Park Dr Suite #1, Charlotte, NC 28273",Charlotte NC,4.8,5957,HVAC contractor,100
Kirkland Air Conditioning and Heating,(980) 357-1733,,https://www.kirklandac.com/,"3734 Monroe Rd, Charlotte, NC 28205",Charlotte NC,4.8,117,HVAC contractor,100
Prime Comfort,(980) 294-3532,,https://www.primecomforthvac.com/?utm_campaign=gmb,"9311 Monroe Rd Suite J, Charlotte, NC 28270",Charlotte NC,4.9,378,HVAC contractor,100
Patterson Heating and Air Conditioning,(704) 375-5591,,https://gopatterson.com/,"3922 Greensboro St, Charlotte, NC 28206",Charlotte NC,4.7,437,HVAC contractor,100
Morris-Jenkins,(704) 357-0484,,https://morrisjenkins.com/?utm_source=google&utm_medium=organic&utm_campaign=gmb,"13725 S Ridge Dr, Charlotte, NC 28273",Charlotte NC,4.9,34186,HVAC contractor,100
Call Dad,(704) 228-1643,,https://www.calldad.com/locations/charlotte-north-carolina?utm_source=Google&utm_medium=GMB&utm_campaign=Charlotte-Google-My-Business,"4400 Stuart Andrew Blvd, Charlotte, NC 28217",Charlotte NC,4.8,1558,HVAC contractor,100
Andy Lewis Heating & Air Conditioning,(704) 391-9191,,https://www.andylewishvac.com/,"9300 N Lakebrook Rd, Charlotte, NC 28214",Charlotte NC,4.8,2921,HVAC contractor,100
Ross & Witmer Heating & Air Conditioning,(704) 610-1119,,https://www.rossandwitmer.com/?utm_campaign=gmb,"5100 Hovis Rd, Charlotte, NC 28208",Charlotte NC,4.9,433,HVAC contractor,100
Charlotte Mechanical,(704) 688-9300,,https://www.charlottemechanical.com/,"10440 John Price Rd D, Charlotte, NC 28273",Charlotte NC,4.8,500,HVAC contractor,100
Adams Heating & Air Conditioning,(704) 376-4328,,https://www.calladams.com/?utm_source=GoogleBusinessProfile&utm_medium=GBP&utm_id=GBPWebsite&utm_term=website&utm_campaign=10072162832658669503,"600 Morris St, Charlotte, NC 28202",Charlotte NC,4.8,261,HVAC contractor,100
"Acosta Heating, Cooling, & Electrical",(704) 275-6190,,https://www.acostainc.com/?utm_source=google&utm_medium=organic&utm_campaign=gmb-profile-charlotte,"3915 Stuart Andrew Blvd, Charlotte, NC 28217",Charlotte NC,4.7,2318,HVAC contractor,100
City Heating and Air,(704) 400-0000,,http://cityheatingandair.com/,"4921 Albemarle Rd STE 101, Charlotte, NC 28205",Charlotte NC,4.8,155,Air conditioning repair service,100
All City Heat and Air,(980) 206-3959,,http://www.allcityheatandair.com/,"6128 Brookshire Blvd Suite L, Charlotte, NC 28216",Charlotte NC,5,495,HVAC contractor,100
Airtron Heating & Air Conditioning,(704) 264-3879,,https://airtron.com/charlotte/?utm_source=gmb&utm_medium=gmb-organic&utm_campaign=gmb-charlotte,"10616 Granite St L, Charlotte, NC 28273",Charlotte NC,4.8,2977,HVAC contractor,100
Raleigh Heating and Air,(919) 250-2945,,https://www.raleighheatingandair.com/?utm_campaign=google_business_profile,"2730 Rowland Rd, Raleigh, NC 27615",Raleigh NC,4.7,635,HVAC contractor,100
Air Experts Heating & Cooling,(919) 436-1181,,https://yourairexperts.com/?utm_campaign=google_business_profile,"7 Rupert Rd, Raleigh, NC 27603",Raleigh NC,4.9,8330,HVAC contractor,100
SantaAir Heating and Air,(919) 635-5289,,http://www.santaair.com/,"2940 Trawick Rd Unit 11, Raleigh, NC 27604",Raleigh NC,4.9,857,Heating contractor,100
Michael & Son Services,(919) 278-7841,,https://www.michaelandson.com/raleigh?utm_source=%20GMBlistingRaleigh&utm_medium=referral,"4001 Atlantic Ave, Raleigh, NC 27604",Raleigh NC,4.8,13527,HVAC contractor,100
"Thermo Direct, Inc.",(984) 313-9090,,http://www.thermodirectinc.com/?utm_source=organic&utm_medium=gbp&utm_campaign=raleigh_gbp,"4901 Trademark Drive, Raleigh, NC 27610",Raleigh NC,4.8,2188,HVAC contractor,100
Service Experts Heating & Air Conditioning,(919) 823-6631,,https://www.serviceexperts.com/raleigh-nc/?&utm_campaign=listing&utm_medium=organic_search&utm_source=gmb&utm_content=brand,"2815 S Wilmington St, Raleigh, NC 27603",Raleigh NC,4.9,6162,HVAC contractor,100
Icy Hot Heating and Air Conditioning,(919) 673-7667,,https://airconditioningrepairraleigh.com/,"5315 Orchard St, Raleigh, NC 27606",Raleigh NC,4.9,140,HVAC contractor,100
Cool Change Heating and Air,(919) 457-2494,,https://www.coolchangenc.com/,"2210 E Millbrook Rd Suite 103, Raleigh, NC 27604",Raleigh NC,4.9,327,HVAC contractor,100
Yellow Dot Heating & Air Conditioning,(919) 925-4235,,https://www.ydhvac.com/,"2400 Sumner Blvd Suite 120, Raleigh, NC 27616",Raleigh NC,4.8,4150,HVAC contractor,100
Comfort Monster Heating & Air,(919) 823-6881,,https://comfortmonster.com/?utm_source=google&utm_medium=gmb&utm_campaign=&utm_content=rdu&utm_term=,"3216 Wellington Ct # 111, Raleigh, NC 27615",Raleigh NC,4.9,1055,HVAC contractor,100
"Allen Kelly & Company, Inc.",(919) 779-4197,,https://allenkelly.com/,"220 Tryon Rd, Raleigh, NC 27603",Raleigh NC,4.8,1100,HVAC contractor,100
Air Quality Air Conditioning And Heating Repair,(919) 791-9898,,http://airqualitync.com/,"7203 Holly Springs Rd, Raleigh, NC 27606",Raleigh NC,5,238,HVAC contractor,100
"All American Heating, Air & Plumbing",(919) 782-6242,,https://www.allamerican-nc.com/?utm_source=google&utm_medium=organic&utm_campaign=gmb,"7216 ACC Blvd Suite 100, Raleigh, NC 27617",Raleigh NC,4.9,710,HVAC contractor,100
"Air Experts Heating, Cooling and Plumbing",(919) 504-2499,,https://yourairexperts.com/?utm_campaign=google_business_profile,"2730 Rowland Rd #101, Raleigh, NC 27615",Raleigh NC,4.9,2933,HVAC contractor,100
ARS / Rescue Rooter,(919) 367-3793,,https://www.ars.com/raleigh?utm_source=google&utm_medium=gbp&utm_campaign=local_seo&utm_content=gbp_website_click,"641 S New Hope Rd, Raleigh, NC 27610",Raleigh NC,4.5,6626,Air conditioning repair service,100
"Bayou City Aire, LLC",(713) 568-9437,,http://www.bayoucityac.com/,"1205 North Loop, Houston, TX 77022",Houston TX,4.9,73,HVAC contractor,95
Cactus Cooling & Heating,(214) 817-0448,,http://www.cactuscoolingheating.com/?utm_campaign=gmb,"2530 W 10th St, Dallas, TX 75211",Dallas TX,4.9,67,HVAC contractor,95
Alpine Heating & Air Conditioning,(512) 881-7202,,https://www.austinalpine.com/,"1205 Sheldon Cove Bldg 2, Ste J, Austin, TX 78753",Austin TX,4.9,59,Air conditioning contractor,95
North Texas Comfort Heating and Air Conditioning,(817) 404-2048,,https://northtxcomforthvac.com/,,Fort Worth TX,5,66,HVAC contractor,95
Fort Worth Heat and Air,(817) 800-0340,,https://www.fortworthheatandair.com/,"308 N Beach St, Fort Worth, TX 76111",Fort Worth TX,4.8,62,Air conditioning contractor,95
"3 Kings A/C, LLC",(817) 884-7431,,http://3kingsairconditioningdfw.com/,"2306 Evans Ave, Fort Worth, TX 76104",Fort Worth TX,4.9,65,Air conditioning contractor,95
Techcool AC Repair Scottsdale,(602) 785-6230,,https://techcoollv.com/nearme/LandingPage.php?air-conditioning-repair-scottsdale-AZ,"12932 E Appaloosa Pl, Scottsdale, AZ 85259",Scottsdale AZ,4.8,91,Air conditioning contractor,95
Action Air Conditioning,(480) 651-4002,,https://actionacandheat.com/,"16629 E Dixileta Dr, Scottsdale, AZ 85262",Scottsdale AZ,5,79,Air conditioning repair service,95
Wynwood Air Conditioning and Refrigeration,(786) 303-3739,,http://wynwoodac.com/,"2919 NW 8th Ave #7, Miami, FL 33127",Miami FL,4.8,51,Air conditioning contractor,95
HVAC pros of Miami,(305) 699-6896,,http://www.hvac-pros-of-miami.com/,,Miami FL,5,55,HVAC contractor,95
Tampa AC Services Inc,(813) 797-7331,,https://tampa-acservices.com/,"3612 Palm Crossing Dr, Tampa, FL 33613",Tampa FL,5,67,Air conditioning repair service,95
"Professional, Inc.",(407) 736-1061,,http://professionalacandheating.com/,"3708 Gardenia Ave, Orlando, FL 32839",Orlando FL,4.7,77,HVAC contractor,95
Florida Home Air Conditioning,(904) 990-8633,,https://floridahomeac.com/service-areas?utm_source=google&utm_medium=gbp&utm_campaign=local_seo&utm_content=gbp_website_click,"4211 Emerson St, Jacksonville, FL 32207",Jacksonville FL,4.2,3528,Air conditioning contractor,95
"AC JAX, LLC",(904) 257-3078,,http://acjax904.com/,"4331 Palmer Ave, Jacksonville, FL 32210",Jacksonville FL,5,78,Air conditioning contractor,95
Elite Marine A/C,(954) 763-9677,,https://www.elitemarineair.com/,"1957 S Andrews Ave suite a, Fort Lauderdale, FL 33316",Fort Lauderdale FL,4.7,82,Air conditioning contractor,95
"Fahrenheit AC, INC",(954) 793-8610,,http://www.fahrenheitacfl.com/,"4000 FL-7 unit 311B, Fort Lauderdale, FL 33319",Fort Lauderdale FL,4.5,75,HVAC contractor,95
ATLANTA HVAC PROS,(404) 962-0203,,https://atlantahvacpros.com/,,Atlanta GA,4.8,57,HVAC contractor,95
Peppers Heating & Air Conditioning Service Inc.,(770) 483-1282,,https://www.peppersheatingandair.com/,"235 Peachtree Rd NE Suite 400, Atlanta, GA 30303",Atlanta GA,4.9,83,HVAC contractor,95
Dynamic Heating & Air LLC,(404) 480-3248,,https://dynamicheatingandairllc.org/,,Atlanta GA,5,96,HVAC contractor,95
Esquire Heating And Air,(404) 397-8224,,http://www.esquirehvac.com/,"20 terminus pl ne 1107-a, Atlanta, GA 30305",Atlanta GA,4.9,84,HVAC contractor,95
ASAP AIR A/C and Heating,(713) 862-1775,,https://www.asapairhoustonac.com/,"1009 Aurora St, Houston, TX 77009",Houston TX,5,43,HVAC contractor,90
Houston HVAC,(346) 772-7120,,http://www.callhoustonhvac.com/,"7629 Elm St, Houston, TX 77023",Houston TX,4.9,39,HVAC contractor,90
"Abacus Plumbing, Air Conditioning, & Electrical",(713) 812-7070,,https://www.abacusplumbing.net/?utm_campaign=gmb_ab-hou_home_everyone_gmb-houston&utm_medium=gmb&utm_source=google,"4001 Kendrick Plaza Dr, Houston, TX 77032",Houston TX,4.7,11753,Plumber,90
Hooper Plumbing & Air Conditioning,(214) 761-6820,,https://www.hooperplumbing.com/,"6725 Hillcrest Ave suite a, Dallas, TX 75205",Dallas TX,4.8,444,Plumber,90
Blitz AC Repair Fort Worth,(682) 254-9769,,http://blitzacrepairfortworth.com/,"4928 Overton Ridge Blvd, Fort Worth, TX 76132",Fort Worth TX,5,43,Air conditioning repair service,90
Fort Worth Heating and Air Conditioning,(817) 678-3622,,https://www.google.com/maps/search/?api=1&query=Fort%20Worth%20Heating%20and%20Air%20Conditioning&query_place_id=ChIJ46J9kvllToYRA-4uVpvFUGk,"4729 E Lancaster Ave, Fort Worth, TX 76103",Fort Worth TX,5,24,Air conditioning repair service,90
Biltmore Mechanical Heating And Cooling LLC,(602) 885-7328,,http://www.biltmoremechanical.com/,"5021 N 20th St #10533, Phoenix, AZ 85064",Phoenix AZ,4.9,45,Air conditioning contractor,90
Cold Stinger Heating And Air Conditioning Phoenix Arizona,(623) 521-6448,,https://coldstingerheatingandairconditioning.com/,"1720 E Wood St, Phoenix, AZ 85040",Phoenix AZ,4.9,37,HVAC contractor,90
Autocare Air Conditioning & Auto Repair,(602) 569-0871,,http://www.autocareacandbrakeinc.com/,"4223 E Bell Rd, Phoenix, AZ 85032",Phoenix AZ,4.9,554,Auto repair shop,90
Ez AC Repair Scottsdale,(602) 848-8238,,http://ezacrepairscottsdale.com/,"20247 Hayden Rd, Scottsdale, AZ 85255",Scottsdale AZ,5,29,Air conditioning repair service,90
AZ Home Services Group AC Repair & Plumbing Services of Scottsdale,(480) 923-3969,,https://azhomeservices.group/service-areas/scottsdale-arizona-air-conditioner-plumbing-services/,"15333 N Pima Rd #305, Scottsdale, AZ 85260",Scottsdale AZ,5,28,HVAC contractor,90
Your Scottsdale HVAC,(480) 637-7411,,http://www.yourscottsdalehvac.com/,,Scottsdale AZ,5,22,HVAC contractor,90
Local HVAC Company,(305) 697-3849,,https://www.google.com/maps/search/?api=1&query=Local%20HVAC%20Company&query_place_id=ChIJp_2iR7mx2YgRJylK7p8zS-s,,Miami FL,4.9,37,HVAC contractor,90
Heating & Air Conditioning Miami,(645) 225-1048,,https://www.google.com/maps/search/?api=1&query=Heating%20%26%20Air%20Conditioning%20Miami&query_place_id=ChIJF1MwKc272YgR28SX4N08aYI,"2420 NW 20th St, Miami, FL 33142",Miami FL,4.7,20,HVAC contractor,90
Beachside AC Repair 24 hour,(855) 848-2889,,https://acrepair24seven.com/,"3121 SW 7th St, Miami, FL 33135",Miami FL,5,35,HVAC contractor,90
Miami HVAC Repair,(305) 912-2291,,https://www.google.com/maps/search/?api=1&query=Miami%20HVAC%20Repair&query_place_id=ChIJ__8vTsTG2YgRPDR99DWN-qQ,,Miami FL,4.9,44,HVAC contractor,90
Affordable AC & Auto Repair Of Tampa,(813) 932-9643,,https://affordableautoandacoftampa.com/,"14239 N Florida Ave Suite B, Tampa, FL 33613",Tampa FL,4.5,165,Auto repair shop,90
Father and Son Air Conditioning and Duct Orlando,(407) 929-3535,,https://fatherandsonac.com/,"1612 Camerbur Dr, Orlando, FL 32805",Orlando FL,5,32,Air conditioning contractor,90
SoFlo Air Conditioning & Heat,(954) 224-4280,,http://www.sofloairandheat.com/,,Fort Lauderdale FL,4.9,48,HVAC contractor,90
Cooling Town Service & Repair,(754) 269-1666,,https://coolingtownfortlauderdale.com/,,Fort Lauderdale FL,5,44,HVAC contractor,90
Cool It Air Conditioning Repair,(954) 697-9068,,https://coolitairconditioning.com/locations/top-rated-ac-repair-services-fort-lauderdale-fl/,"1038 Chateau Park Dr, Fort Lauderdale, FL 33311",Fort Lauderdale FL,4.7,32,Air conditioning repair service,90
Sarasota Heating and Air Conditioning,(941) 367-3481,,https://www.google.com/maps/search/?api=1&query=Sarasota%20Heating%20and%20Air%20Conditioning&query_place_id=ChIJP1wfhYNHw4gRYUbRKWa0-rw,"420 S Washington Blvd, Sarasota, FL 34236",Sarasota FL,5,47,HVAC contractor,90
HVAC Guyz & Plumbing Inc,(470) 255-4535,,https://www.google.com/maps/search/?api=1&query=HVAC%20Guyz%20%26%20Plumbing%20Inc&query_place_id=ChIJ8cpWfjQF9YgRPHbr1ol2SWs,"Atlanta, GA 30324",Atlanta GA,4.8,37,HVAC contractor,90
J & Cooling LLC.,(404) 720-1835,,https://www.google.com/maps/search/?api=1&query=J%20%26%20Cooling%20LLC.&query_place_id=ChIJu0-FiZAd9YgR5tsVimtApMs,,Atlanta GA,4.6,49,HVAC contractor,90
"Galgon HVAC & Mechanical Service, Inc.",(404) 352-1500,,https://galgonhvac.com/,"1800 MacArthur Blvd NW, Atlanta, GA 30318",Atlanta GA,4.7,36,HVAC contractor,90
Elite AC Heating Repair Miami,(305) 239-8487,,https://www.google.com/maps/search/?api=1&query=Elite%20AC%20Heating%20Repair%20Miami&query_place_id=ChIJ___rJjFxaYgRmURDgb0w2PA,"2955 SW 8th St, Miami, FL 33135",Miami FL,5,9,HVAC contractor,85
Extra HVAC Maintenance Downtown Miami,(786) 420-4669,,https://www.google.com/maps/search/?api=1&query=Extra%20HVAC%20Maintenance%20Downtown%20Miami&query_place_id=ChIJlzufTg2x2YgRA6bAZtwP7vg,,Miami FL,4.7,17,HVAC contractor,85
Service Air Conditioning Miami Beach,(645) 202-8087,,https://service1airco.com/,"1500 Alton Rd #183, Miami Beach, FL 33139",Miami FL,5,18,HVAC contractor,85
Orlando HVAC Services,(321) 326-9050,,https://www.google.com/maps/search/?api=1&query=Orlando%20HVAC%20Services&query_place_id=ChIJ1ysJx3h754gRU3u0qgeto84,"1307 Edgewater Dr, Orlando, FL 32804",Orlando FL,5,16,HVAC contractor,85
Tops Air Conditioning Repair Ft. Lauderdale,(754) 327-7821,,https://topsheatingacsvs.com/,,Fort Lauderdale FL,5,9,HVAC contractor,85
Fort-Lauderdale Ac Repair,(754) 266-3008,,http://fort-lauderdaleacrepair.com/,"2212 SE 4th Ave, Fort Lauderdale, FL 33316",Fort Lauderdale FL,5,11,HVAC contractor,85
AC Repair Fort Worth,(817) 532-9690,,http://hvacrepairfortworthtx.com/,"E California Pkwy, Fort Worth, TX 76119",Fort Worth TX,5,1,Air conditioning repair service,80
Miami AC Repair,(786) 571-4951,,https://www.miamiacexperts.net/,"550 NW 27th Ave, Miami, FL 33125",Miami FL,5,1,Air conditioning contractor,80
Air Conditioning Repair Downtown Miami LLC,(786) 432-6002,,https://www.google.com/maps/search/?api=1&query=Air%20Conditioning%20Repair%20Downtown%20Miami%20LLC&query_place_id=ChIJV_442Oi32YgRYO5C8VuGtTM,"1326 NE 1st Ct 2d 2d, Miami, FL 33132",Miami FL,5,2,HVAC contractor,80
HVACSolutions Pro AC Repair Miami,(645) 219-1399,,https://hvacsolutionspro.com/location/comprehensive-hvac-services-in-miami,"1925 NE 2nd Ave office 87, Miami, FL 33132",Miami FL,5,4,Air conditioning repair service,80
Fort Lauderdale AC Services,(754) 296-7002,,https://www.fortlauderdaleacservices.com/,"401 E Las Olas Blvd Suite 101, Fort Lauderdale, FL 33301",Fort Lauderdale FL,5,3,Air conditioning contractor,80
