company_name,domain,contact_name,contact_title,news_headline,news_url,news_date,trigger_type,subject,body,personalization_hook,sender_email,sender_name
Aspen Dental,aspendental.com,,,Aspen Dental of Cache Valley is redefining the 1-stop dental experience - KUTV,https://news.google.com/rss/articles/CBMirwFBVV95cUxOUE9fMGhVTzNjNVdpNlV4cHNQUVgyS0hJM3ZYWlZfTjVhRW1tcjdvWktWcHFibTU2ZW1FX25MSkNiV3kwVUx0SEtFeGZILXVwbVZTNGJfUHdaYXNXVk1XZHZTV0JuUzlOUzFsTFh2cGdValdsOGZoQXBxaEdTWTRvdktteklRM2JTbl9Yak56SkttWlZpaTRIS2tPT1RBczNzcVBIcW9uV2E4cTUzYzNR?oc=5,2026-03-12,expansion,Congrats on the Cache Valley launch — a thought on the '1-stop' experience,"Hi Aspen Dental team,

Saw the KUTV piece on your Cache Valley location redefining the 1-stop dental experience — that's a strong positioning move, and clearly there's real intent behind making every patient touchpoint seamless.

One gap that tends to quietly undercut that experience: phone calls that go unanswered or leads from ads that sit for hours before anyone follows up.

At Realside AI, we build AI Employees specifically for dental clinics — an inbound receptionist that answers calls 24/7 and books appointments, and an outbound agent that contacts new leads within 2 minutes. Clinics typically recover 20-40% of missed calls and see 2-3x faster lead conversion.

Would it make sense to grab 15 minutes to see if this fits what you're building in Cache Valley?

Dylan Mitchell
dylan.realside@gmail.com
calendly.com/realsideai",Referenced the KUTV article specifically calling out Aspen Dental Cache Valley's '1-stop dental experience' positioning to connect their brand promise of seamless patient care directly to the gap AI phone coverage can fill.,dylan.realside@gmail.com,Dylan Mitchell
Affordable Care,affordablecare.com,,,Eight Trends Shaping 2026 Healthcare Costs - healthsystemtracker.org,https://news.google.com/rss/articles/CBMinAFBVV95cUxPdUxRd3F3M0hCT0U3WUx4UXVZelpJM0FGa2t6QUlPUWxiY0tkRXE3REpTQ1VXNFVJN2ZsSmNWaFhhMWJyU09oTjdyS0ZJN0N2dW80c0pFdmY1bUZVZ1lPS0hFbTh3ckxnVkFTZ2Y4Nl9HUDU0eFN6Y2xzM0QySXgySFBkNk43ZWZLME5tZUpaVXp2d05EaUtIdGZQN2c?oc=5,2026-03-17,other,Healthcare costs rising in 2026 — one way clinics are protecting revenue,"Hi Affordable Care team,

With eight cost-pressure trends already shaping 2026 healthcare spending, front-desk efficiency has become a real revenue issue — not just an operational one.

We work with service-based clinics to deploy AI Employees that answer every inbound call 24/7, book appointments automatically, and re-engage leads from your existing CRM. On average, clinics recover 20-40% of missed calls and see 10-25% more bookings — without adding headcount.

Given the cost environment heading into the rest of 2026, it seemed worth a quick conversation.

Would you be open to a 15-minute call to see if this makes sense for your team?

Book directly here: calendly.com/realsideai

Dylan Mitchell
dylan.realside@gmail.com",Referenced the Health System Tracker's '8 Trends Shaping 2026 Healthcare Costs' report to frame rising cost pressures as a timely reason for clinics to protect revenue through better call capture and appointment booking efficiency.,dylan.realside@gmail.com,Dylan Mitchell
Affordable Care,affordablecare.com,,,These 5 states still penalize you if you don't have health insurance - USA Today,https://news.google.com/rss/articles/CBMisAFBVV95cUxOTFJ6N2ZSdElOX3NsSmRoVENaMU5HUHRMczdTMENSZkNTcXZLemp0dDRLZm1DOVR3M2QxQ0IxWVhwR0lGenUtNEdwZ2VaY3VEQmFxbjFiclJuU2paV2RiakJ2SmtmZ1ZhZTZTa0NCWGRabnp0OFU1TnVtTnM3NWJmeVRHMHZoYldWcWZBWHB6V1dXS1BJQmQ2aTk0ZWJvZGt3dVo0dHhFQTZkVlZOTHlnXw?oc=5,2026-03-18,other,State insurance mandates are back — are your phones ready for the volume?,"Hi Affordable Care team,

With USA Today reporting that 5 states are actively penalizing uninsured residents, enrollment-driven call volume is likely to spike — and missed calls during that window mean lost patients.

At Realside AI, we build AI Inbound Receptionists that answer every call 24/7, book appointments, and follow up on missed calls automatically. Clinics typically recover 20-40% of calls that would have gone unanswered and add 10-25% more bookings without hiring additional staff.

It's custom-built for your clinic and integrates with tools like Jane, MindBody, and Square.

Would it make sense to hop on a 15-minute call to walk through what this could look like for Affordable Care?

Book here: calendly.com/realsideai

Dylan Mitchell
dylan.realside@gmail.com","Tied the USA Today report on state-level health insurance penalty enforcement to a likely surge in patient inquiry calls, making the AI receptionist's missed-call recovery directly relevant to Affordable Care's operational needs during enrollment spikes.",dylan.realside@gmail.com,Dylan Mitchell
