company_name,email,phone,website,domain,address,city,province,rating,reviews,category,google_maps_url
Silver Lotus Day Spa,,,,,"751 Herring Cove Rd, Halifax, NS B3R 2A2, Canada",Halifax,Nova Scotia,5,4,Day spa,https://www.google.com/maps/search/?api=1&query=Silver%20Lotus%20Day%20Spa&query_place_id=ChIJlZS6qTcZWksRElc51XV_Y-M
Bedford Skin Clinic-Halifax,info@bedfordskinclinic.ca,+1 902-876-8994,https://www.bedfordskinclinic.ca/,www.bedfordskinclinic.ca,"397 Bedford Hwy Unit 301, Halifax, NS B3M 2C8, Canada",Halifax,Nova Scotia,5,2,Medical spa,https://www.google.com/maps/search/?api=1&query=Bedford%20Skin%20Clinic-Halifax&query_place_id=ChIJCRvvBwYhWksR8LeeLW1lVRA
Storm Sanctuary and Day Spa,,+1 902-495-8037,http://www.stormsanctuarydayspa.com/,www.stormsanctuarydayspa.com,"36 Collins Grove, Dartmouth, NS B2W 5Y1, Canada",Dartmouth,Nova Scotia,5,4,Day spa,https://www.google.com/maps/search/?api=1&query=Storm%20Sanctuary%20and%20Day%20Spa&query_place_id=ChIJ_fc0ZVklWksRcMeHeBQ_SUQ
Nicole Neve Esthetics & Spa,,+1 902-440-4611,,,"112 Greenpark Close Suite 101, Halifax, NS B3S 0H2, Canada",Halifax,Nova Scotia,0,0,Day spa,https://www.google.com/maps/search/?api=1&query=Nicole%20Neve%20Esthetics%20%26%20Spa&query_place_id=ChIJp8P6kmYhWksRswNm358rp3U
Lauren Landry RN - Halifax Injector: Botox and Dermal Fillers,,+1 902-789-1174,https://www.instagram.com/lauren.rn/?hl=en,www.instagram.com,"6461 Quinpool Rd, Halifax, NS B3L 1B1, Canada",Halifax,Nova Scotia,0,0,Medical spa,https://www.google.com/maps/search/?api=1&query=Lauren%20Landry%20RN%20-%20Halifax%20Injector%3A%20Botox%20and%20Dermal%20Fillers&query_place_id=ChIJQZCycyUhWksRE1q07JznWw4
LMX Medispa,,+1 709-896-6523,,,"6528 Bayers Rd, Halifax, NS B3L 2B3, Canada",Halifax,Nova Scotia,0,0,Medical spa,https://www.google.com/maps/search/?api=1&query=LMX%20Medispa&query_place_id=ChIJ2Qu7EKshWksR0tX8t7cgeJE
Danielle Blair RN Aesthetic Nurse - Halifax Botox & Dermal Fillers,,+1 902-333-3264,https://danielleaesthetics.com/,danielleaesthetics.com,"480 Parkland Dr, Halifax, NS B3S 1P9, Canada",Halifax,Nova Scotia,0,0,Medical spa,https://www.google.com/maps/search/?api=1&query=Danielle%20Blair%20RN%20Aesthetic%20Nurse%20-%20Halifax%20Botox%20%26%20Dermal%20Fillers&query_place_id=ChIJKa6t8UAhWksRzUSZ6fSOy8E
Fraiche Face,,+1 902-830-5716,,,"5 Pleasant St, Halifax Regional Municipality, NS B2Y 1M1, Canada",Halifax Regional Municipality,Nova Scotia,0,0,Medical spa,https://www.google.com/maps/search/?api=1&query=Fraiche%20Face&query_place_id=ChIJQ7GHbOQjWksR5qYIBKvlN9g
1447 Hollis St,experience@thewinespa.ca,+1 902-414-7887,https://www.thewinespa.ca/?utm_source=google&utm_medium=wix_google_business_profile&utm_campaign=2165780733588748822,www.thewinespa.ca,"Hollis St #1447, Halifax, NS B3J 0H9, Canada",Halifax,Nova Scotia,0,0,Day spa,https://www.google.com/maps/search/?api=1&query=1447%20Hollis%20St&query_place_id=ChIJlf3hwJ8jWksRedCxF5Sg4Yk
Donaco's Aesthetic Clinic,,+1 902-466-3661,,,"1088 Cole Harbour Rd, Dartmouth, NS B2V 1E7, Canada",Dartmouth,Nova Scotia,0,0,Nail salon,https://www.google.com/maps/search/?api=1&query=Donaco's%20Aesthetic%20Clinic&query_place_id=ChIJ_-pN_pkkWksRzfSER3UgG6k
Natural Aesthetics Clinic,,,,,"12 Ella Ln, Bedford, NS B4B 2J6, Canada",Bedford,Nova Scotia,0,0,Medical spa,https://www.google.com/maps/search/?api=1&query=Natural%20Aesthetics%20Clinic&query_place_id=ChIJHbUA4S6LWUsRZTS740BPYy4
Amanda Esthetics,,,https://www.fresha.com/book-now/amandas-esthetics-bn90j0fg/all-offer?pId=636622,www.fresha.com,"1550 Bedford Hwy Unit 103, Bedford, NS B4A 1E6, Canada",Bedford,Nova Scotia,5,2,Spa,https://www.google.com/maps/search/?api=1&query=Amanda%20Esthetics&query_place_id=ChIJHU4BKLaJWUsRPwSUv5fQeR4
Sisters Medical Aesthetics and Vein Clinic,,+1 902-717-5293,,,"1306 Bedford Hwy, Bedford, NS B4A 1C8, Canada",Bedford,Nova Scotia,0,0,Medical clinic,https://www.google.com/maps/search/?api=1&query=Sisters%20Medical%20Aesthetics%20and%20Vein%20Clinic&query_place_id=ChIJ7dCjMeqJWUsR1rY8jo10RtM
Cresthaven Laser Inc,,+1 902-440-4478,http://www.cresthavenlaser.ca/,www.cresthavenlaser.ca,"8 Eagle Ln, Bedford, NS B4A 2J5, Canada",Bedford,Nova Scotia,5,3,Skin care clinic,https://www.google.com/maps/search/?api=1&query=Cresthaven%20Laser%20Inc&query_place_id=ChIJ04juIZYgWksRtyduI-MRky4
Christian Hackshaw MD,,+1 902-445-5155,http://halifaxcosmeticclinic.com/,halifaxcosmeticclinic.com,"EMBRACE SPA, 827 Bedford Hwy, Bedford, NS B4A 0J1, Canada",Bedford,Nova Scotia,4.5,2,Skin care clinic,https://www.google.com/maps/search/?api=1&query=Christian%20Hackshaw%20MD&query_place_id=ChIJq6r6ZviJWUsR8nFIVatkzNM
Advanced Rejuvenation Medi-Spa,,+1 902-832-8688,,,"1306 Bedford Hwy, Bedford, NS B4A 1C5, Canada",Bedford,Nova Scotia,0,0,Beauty salon,https://www.google.com/maps/search/?api=1&query=Advanced%20Rejuvenation%20Medi-Spa&query_place_id=ChIJ7dCjMeqJWUsRWbMQgrwUhV8
Gina's Aesthetics and Spa,ginaaestheticsandspa@gmail.com,+1 438-402-9297,https://menu.ac/ginaspa/sackville,menu.ac,"27 Sami Dr, Lower Sackville, NS B4C 3S4, Canada",Lower Sackville,Nova Scotia,5,2,Health spa,https://www.google.com/maps/search/?api=1&query=Gina's%20Aesthetics%20and%20Spa&query_place_id=ChIJUdGcbLqJWUsRgQ3vx3Hm2T0
THE LASER BAR,info@vivolaser.ca,+1 902-932-9280,https://www.skinlaser.ca/,www.skinlaser.ca,"660 Bedford Hwy, Halifax, NS B3M 0M5, Canada",Halifax,Nova Scotia,0,0,Medical spa,https://www.google.com/maps/search/?api=1&query=THE%20LASER%20BAR&query_place_id=ChIJx2n1IIEhWksRnmrHvA2W3As
The Face Boutique Bedford NS,,+1 902-483-2305,,,"101 Colins Rd, Bedford, NS B4B 1S8, Canada",Bedford,Nova Scotia,0,0,Spa,https://www.google.com/maps/search/?api=1&query=The%20Face%20Boutique%20Bedford%20NS&query_place_id=ChIJD7zKJreLWUsRyQcWq3Ig4oo
Bliss Indian Head and Scalp Massage,,+1 902-977-0275,,,"1368 Bedford Hwy, Bedford, NS B4A 1E2, Canada",Bedford,Nova Scotia,0,0,Massage spa,https://www.google.com/maps/search/?api=1&query=Bliss%20Indian%20Head%20and%20Scalp%20Massage&query_place_id=ChIJrxlw1YtRWUsRlAaoH1rt2bc
Olena Esthetics,,+1 902-292-4712,,,"660 Bedford Hwy, Halifax, NS B3M 0M5, Canada",Halifax,Nova Scotia,4,4,Nail salon,https://www.google.com/maps/search/?api=1&query=Olena%20Esthetics&query_place_id=ChIJJdTCUKghWksRdu7iL7r9nLI
The Robyn's Nest,,+1 902-225-0059,http://therobynsnest.ca/,therobynsnest.ca,"48 North St, Bedford, NS B4A 2N4, Canada",Bedford,Nova Scotia,5,4,Acupuncture clinic,https://www.google.com/maps/search/?api=1&query=The%20Robyn's%20Nest&query_place_id=ChIJAQBk2PQjWksR3SUDcnLgf-g
Balance By Stones,,+1 705-768-2445,,,"Suite 108, 361 Larry Uteck Blvd, Halifax, NS B3M 4Y2, Canada",Halifax,Nova Scotia,0,0,Massage spa,https://www.google.com/maps/search/?api=1&query=Balance%20By%20Stones&query_place_id=ChIJH7qOKKYgWksRthJP6bAJ8JY
Waterlily Wellness Centre,waterlilywellnesscentre@hotmail.com,,https://waterlilywellnesscentre.ca/,waterlilywellnesscentre.ca,"2 Bluewater Rd Suite 175, Bedford, NS B4B 1G7, Canada",Bedford,Nova Scotia,5,2,Wellness center,https://www.google.com/maps/search/?api=1&query=Waterlily%20Wellness%20Centre&query_place_id=ChIJET_xVVyJWUsRnQQcDixnoXk
Soothe Your Sole Hand & Foot Spa,,+1 902-401-3835,,,"3 Pinehill Dr, Lower Sackville, NS B4C 1N4, Canada",Lower Sackville,Nova Scotia,0,0,Spa,https://www.google.com/maps/search/?api=1&query=Soothe%20Your%20Sole%20Hand%20%26%20Foot%20Spa&query_place_id=ChIJj4jwPvGIWUsRNd2RtPOyWps
unplugged relaxation retreat,,+1 902-865-7491,http://www.unpluggedrelaxation.ca/,www.unpluggedrelaxation.ca,"546 Sackville Dr, Lower Sackville, NS B4C 2S2, Canada",Lower Sackville,Nova Scotia,5,1,Spa,https://www.google.com/maps/search/?api=1&query=unplugged%20relaxation%20retreat&query_place_id=ChIJcdevxXCJWUsRFOusWpMZPq0
Shelleys Hair Studio & Japanese Head Spa,,+1 902-441-3208,,,"28 Esquire Ln, Bedford, NS B4A 0K1, Canada",Bedford,Nova Scotia,5,3,Hair salon,https://www.google.com/maps/search/?api=1&query=Shelleys%20Hair%20Studio%20%26%20Japanese%20Head%20Spa&query_place_id=ChIJ4XIuZGaJWUsRzgJZFxg44m4
Nightingale Spa,,+1 902-237-8642,,,"172 Torrington Dr, Halifax, NS B3M 1Y2, Canada",Halifax,Nova Scotia,5,1,Beauty salon,https://www.google.com/maps/search/?api=1&query=Nightingale%20Spa&query_place_id=ChIJQ7X2hO0gWksRb1zBjivvGCc
Al-Kabisy Salon & Spa,,+1 902-835-7461,,,"807 Bedford Hwy, Bedford, NS B4A 0K1, Canada",Bedford,Nova Scotia,5,1,Beauty salon,https://www.google.com/maps/search/?api=1&query=Al-Kabisy%20Salon%20%26%20Spa&query_place_id=ChIJ7ZHuZPiJWUsRRU85oKGHW4g
Nurse Injector Leah Nikita,,+1 438-873-5324,http://nurseinjectorleah.janeapp.com/,nurseinjectorleah.janeapp.com,,,Nova Scotia,0,0,Medical spa,https://www.google.com/maps/search/?api=1&query=Nurse%20Injector%20Leah%20Nikita&query_place_id=ChIJk498XNzAAiYRgrXlplrHK4Q
Char Care Aesthetics,,+1 403-497-6292,http://www.charcareaesthetics.com/,www.charcareaesthetics.com,"44 Woodhaven Close, Dartmouth, NS B2W 6P9, Canada",Dartmouth,Nova Scotia,5,4,Day spa,https://www.google.com/maps/search/?api=1&query=Char%20Care%20Aesthetics&query_place_id=ChIJAfsCn2GovgoRsz9PSUiVHGU
Helson Chiropractic Health Centre,,+1 902-434-8816,http://www.sportschiropractic.ca/,www.sportschiropractic.ca,"8 Portland Hills Dr, Dartmouth, NS B2W 6A1, Canada",Dartmouth,Nova Scotia,5,4,Chiropractor,https://www.google.com/maps/search/?api=1&query=Helson%20Chiropractic%20Health%20Centre&query_place_id=ChIJv4f1O4IjWksREObifLM5FMk
Dr. Emily Wiggin,,+1 902-464-2225,http://dremilywiggin.com/,dremilywiggin.com,"155 Ochterloney St 2nd floor, Dartmouth, NS B2Y 1C9, Canada",Dartmouth,Nova Scotia,5,1,Chiropractor,https://www.google.com/maps/search/?api=1&query=Dr.%20Emily%20Wiggin&query_place_id=ChIJVVWFk-MjWksR64I4Gsfjc6Y
"Dr. Geoffrey Hebb, DC",,,,,"201 Brownlow Ave, Dartmouth, NS B3B 1T5, Canada",Dartmouth,Nova Scotia,5,1,Chiropractor,https://www.google.com/maps/search/?api=1&query=Dr.%20Geoffrey%20Hebb%2C%20DC&query_place_id=ChIJj6JSE6QnWksRxuEUWi8OzlQ
Mike Cochran DC,,+1 902-464-2225,,,"164 Ochterloney St, Dartmouth, NS B2Y 1E1, Canada",Dartmouth,Nova Scotia,0,0,Chiropractor,https://www.google.com/maps/search/?api=1&query=Mike%20Cochran%20DC&query_place_id=ChIJ_2hrheMjWksRxIV4LbODGqs
Dr Benjamin Yuen,,+1 902-835-6699,,,"165 Hammonds Plains Rd, Bedford, NS B4A 4C7, Canada",Bedford,Nova Scotia,4.8,4,Chiropractor,https://www.google.com/maps/search/?api=1&query=Dr%20Benjamin%20Yuen&query_place_id=ChIJIzJtRMOJWUsR1y__YwLay0I
"Dr. Kristin Ling, DC",vcathletictherapy@gmail.com,+1 902-835-5755,https://vcathletictherapy.janeapp.com/#/staff_member/30,vcathletictherapy.janeapp.com,"1239 Bedford Hwy, Bedford, NS B4A 1C5, Canada",Bedford,Nova Scotia,5,2,Chiropractor,https://www.google.com/maps/search/?api=1&query=Dr.%20Kristin%20Ling%2C%20DC&query_place_id=ChIJfQhSqcWJWUsRAc0HAWYce2g
Dr. Justine Landry,,+1 902-835-9319,,,"486 Starboard Dr, Bedford, NS B3M 0N6, Canada",Bedford,Nova Scotia,5,2,Chiropractor,https://www.google.com/maps/search/?api=1&query=Dr.%20Justine%20Landry&query_place_id=ChIJxXr61nqLWUsRsbbkardqSaI
Bedford Physiotherapy,,+1 902-431-0801,,,"26 Peakview Way, Bedford, NS B3M 0G1, Canada",Bedford,Nova Scotia,0,0,,https://www.google.com/maps/search/?api=1&query=Bedford%20Physiotherapy&query_place_id=ChIJ__-vlxGKWUsR8y5R2EiCySY
Dr. Toby Mandelman,,+1 902-835-2020,http://bedfordeyecarecentre.ca/,bedfordeyecarecentre.ca,"36 Duke St #1, Bedford, NS B4A 2Z5, Canada",Bedford,Nova Scotia,5,1,Optometrist,https://www.google.com/maps/search/?api=1&query=Dr.%20Toby%20Mandelman&query_place_id=ChIJOdtGK3s3VEARkIZSiI-FxQo
Julie Maillet,,+1 902-835-2100,http://eyesonoptometrygroup.com/,eyesonoptometrygroup.com,"168-1595 Bedford Hwy, Bedford, NS B4A 3Y4, Canada",Bedford,Nova Scotia,0,0,Optometrist,https://www.google.com/maps/search/?api=1&query=Julie%20Maillet&query_place_id=ChIJe44eQ-qJWUsRJ16nOW36Qpw
Eye Exam Clinic,,+1 902-463-3937,,,"114 Woodlawn Rd, Dartmouth, NS B2W 2S7, Canada",Dartmouth,Nova Scotia,4,1,Doctor,https://www.google.com/maps/search/?api=1&query=Eye%20Exam%20Clinic&query_place_id=ChIJYxOGSoojWksRLwDI8nHBE2g
Miriam Debly,,+1 902-443-2020,,,"650 Portland St, Dartmouth, NS B2W 6A3, Canada",Dartmouth,Nova Scotia,5,1,Optometrist,https://www.google.com/maps/search/?api=1&query=Miriam%20Debly&query_place_id=ChIJF9SAMIYjWksRHhEiRfpS6FU
N S College of Optometrists,info@nsco.ca,+1 902-434-8810,https://nsco.ca/,nsco.ca,"5657 Spring Garden Rd #502, Halifax, NS B3J 1G9, Canada",Halifax,Nova Scotia,5,1,Optometrist,https://www.google.com/maps/search/?api=1&query=N%20S%20College%20of%20Optometrists&query_place_id=ChIJiZGZUCoiWksRS6I1tBhBRAA
Eye Doc Optometry,,+1 902-442-4400,http://eyedoctoroptometry.ca/,eyedoctoroptometry.ca,"1550 Brunswick St, Halifax, NS B3J 2G1, Canada",Halifax,Nova Scotia,0,0,Eye care center,https://www.google.com/maps/search/?api=1&query=Eye%20Doc%20Optometry&query_place_id=ChIJKT2WDTMiWksRfyaj57TA6rQ
Dr. Rishi Gupta,,+1 902-473-3412,https://rishiguptamd.com/,rishiguptamd.com,"29 Rue Ducharme, Gatineau, QC J8Y 3P7, Canada",Gatineau,Nova Scotia,0,0,Doctor,https://www.google.com/maps/search/?api=1&query=Dr.%20Rishi%20Gupta&query_place_id=ChIJlfsZdpsEzkwR7SshT77eBMk
Dr. Paul Rafuse,prafuse@dal.ca,+1 902-453-3937 ext. 23,https://medicine.dal.ca/departments/department-sites/ophthalmology/our-people/faculty/paul-rafuse.html,medicine.dal.ca,"7105 Chebucto Rd, Halifax, NS B3L 4W8 Chebucto Rd, Halifax, NS B3L 4W8, Canada",Halifax,Nova Scotia,5,1,Ophthalmologist,https://www.google.com/maps/search/?api=1&query=Dr.%20Paul%20Rafuse&query_place_id=ChIJG_FKbJEhWksRBtknIDPYfz4
Nova Scotia Eye Care Professionals,,+1 902-425-2445,,,"5657 Spring Garden Rd #502, Halifax, NS B3J 3R4, Canada",Halifax,Nova Scotia,0,0,Eye care center,https://www.google.com/maps/search/?api=1&query=Nova%20Scotia%20Eye%20Care%20Professionals&query_place_id=ChIJG-OzMjIiWksRhvREnIefv60
"Sherry L. Audycki, OD",,(774) 202-6888,https://www.optomeyeshealth.com/,www.optomeyeshealth.com,"535 Faunce Corner Rd, Dartmouth, MA 02747",Dartmouth,Nova Scotia,5,1,Optometrist,https://www.google.com/maps/search/?api=1&query=Sherry%20L.%20Audycki%2C%20OD&query_place_id=ChIJX8v68_Pj5IkRaTh3Ydxw3pM
Greater New Bedford Surgicenter,,(508) 997-1271,https://www.eyehealthvision.com/new-bedford-surgicenter.htm,www.eyehealthvision.com,"51 State Rd, North Dartmouth, MA 02747",North Dartmouth,Nova Scotia,5,1,Surgical center,https://www.google.com/maps/search/?api=1&query=Greater%20New%20Bedford%20Surgicenter&query_place_id=ChIJi-uUXHDj5IkRPnPonRHxJsM
Dartmouth College Student Wellness Center,,(603) 646-9414,http://www.dartmouth.edu/~healthed/,www.dartmouth.edu,"25 N Main St Suite 179, Hanover, NH 03755",Hanover,Nova Scotia,0,0,Wellness center,https://www.google.com/maps/search/?api=1&query=Dartmouth%20College%20Student%20Wellness%20Center&query_place_id=ChIJQbOlpsLJtEwRhZfGhQTuKF4
The Wellness Co.,privacypolicyupdates@automattic.com,+1 902-452-4551,http://www.wellnesscocanada.ca/,www.wellnesscocanada.ca,"1535 Dresden Row #111, Halifax, NS B3J 3T1, Canada",Halifax,Nova Scotia,5,2,Wellness center,https://www.google.com/maps/search/?api=1&query=The%20Wellness%20Co.&query_place_id=ChIJSfr6IZAjWksROqhpwndNpIg
The Halifax Health & Wellness Show,halifaxhealthwellnessshow@gmail.com,+1 902-240-0047,https://www.thehalifaxhealthandwellnessshow.ca/,www.thehalifaxhealthandwellnessshow.ca,,,Nova Scotia,5,4,Event management company,https://www.google.com/maps/search/?api=1&query=The%20Halifax%20Health%20%26%20Wellness%20Show&query_place_id=ChIJo4mGXLZ3vW8RSIN94YkPGDg
Ateva Wellness,,+1 902-492-2229,,,"5991 Spring Garden Rd suite 580, Halifax, NS B3H 1Y6, Canada",Halifax,Nova Scotia,0,0,Wellness center,https://www.google.com/maps/search/?api=1&query=Ateva%20Wellness&query_place_id=ChIJZfXZtb4jWksRUiVqtVDwjkg
Luminary Wellness,,+1 902-489-0123,http://luminarywellness.ca/,luminarywellness.ca,"Portland Hills Dr, Dartmouth, NS B2W 6L7, Canada",Dartmouth,Nova Scotia,4,1,Hypnotherapy service,https://www.google.com/maps/search/?api=1&query=Luminary%20Wellness&query_place_id=ChIJMTq7VH8jWksRxmbSF1TsPmg
Southdale Wellness,,+1 902-718-7540,http://www.sunriseyoga.ca/,www.sunriseyoga.ca,"12 Rodney Rd, Dartmouth, NS B2Y 3V4, Canada",Dartmouth,Nova Scotia,5,1,Tai chi school,https://www.google.com/maps/search/?api=1&query=Southdale%20Wellness&query_place_id=ChIJLQqFXAkkWksRvfvfsbuMlm8
Dartmouth OsteoHealth,,+1 902-435-3230,http://www.dartmouthosteohealth.ca/,www.dartmouthosteohealth.ca,"115 Portland St, Dartmouth, NS B2Y 1H7, Canada",Dartmouth,Nova Scotia,5,1,Community health center,https://www.google.com/maps/search/?api=1&query=Dartmouth%20OsteoHealth&query_place_id=ChIJS3R4mOokWksRbZgw7r_-KDE
"Intrinsic Therapy | Dartmouth, Nova Scotia",,+1 902-464-2225,,,"155 Ochterloney St 2nd floor, Dartmouth, NS B2Y 1C9, Canada",Dartmouth,Nova Scotia,5,4,Massage spa,https://www.google.com/maps/search/?api=1&query=Intrinsic%20Therapy%20%7C%20Dartmouth%2C%20Nova%20Scotia&query_place_id=ChIJvQDFH4AkWksRGnBWBCgHUcc
MD Fitness and Wellness,,+1 902-809-1593,,,"31 Queen St, Dartmouth, NS B2Y 0G5, Canada",Dartmouth,Nova Scotia,0,0,Wellness center,https://www.google.com/maps/search/?api=1&query=MD%20Fitness%20and%20Wellness&query_place_id=ChIJ46b8y-AjWksRxbVH10pX6Ak
EKKO WELLNESS,,+1 902-412-5566,http://ekkowellness.ca/,ekkowellness.ca,"12 Wentworth St, Dartmouth, NS B2Y 1H8, Canada",Dartmouth,Nova Scotia,0,0,Wellness center,https://www.google.com/maps/search/?api=1&query=EKKO%20WELLNESS&query_place_id=ChIJZ_awIecjWksRo8r5rI8exv8
MW Wellness Collective,,+1 902-482-8020,http://mwwellness.ca/,mwwellness.ca,"202 Brownlow Ave Suite 425, Dartmouth, NS B3B 0M4, Canada",Dartmouth,Nova Scotia,0,0,Psychotherapist,https://www.google.com/maps/search/?api=1&query=MW%20Wellness%20Collective&query_place_id=ChIJ942TznolWksRoCrxnAEZMuw
Dartmouth Community Mental Health and Addictions Clinic,,+1 902-466-1830,https://mha.nshealth.ca/en/clinics/dartmouth-community-mental-health-and-addictions,mha.nshealth.ca,"60 Highfield Park Dr Suite 107, Dartmouth, NS B3A 4R9, Canada",Dartmouth,Nova Scotia,5,3,Mental health service,https://www.google.com/maps/search/?api=1&query=Dartmouth%20Community%20Mental%20Health%20and%20Addictions%20Clinic&query_place_id=ChIJNx4Cb1shWksRoDQp9E_Ajls
Breathe Mindfulness Centre,,+1 902-499-0089,http://www.breathemindfulness.ca/,www.breathemindfulness.ca,"45 Alderney Dr #1050, Dartmouth, NS B2Y 2N5, Canada",Dartmouth,Nova Scotia,5,2,Wellness center,https://www.google.com/maps/search/?api=1&query=Breathe%20Mindfulness%20Centre&query_place_id=ChIJHbIHROcjWksRn4SG5RfgCV0
Reconnect with your body,,,,,"26 Athorpe Dr, Dartmouth, NS B2W 1K8, Canada",Dartmouth,Nova Scotia,0,0,Wellness center,https://www.google.com/maps/search/?api=1&query=Reconnect%20with%20your%20body&query_place_id=ChIJyZbwIvUjWksRebffdZJ5KdQ
Dartmouth Naturopathic Health Centre,,+1 902-469-0622,http://www.dartmouthnaturopathic.ca/,www.dartmouthnaturopathic.ca,"228 Pleasant St, Dartmouth, NS B2Y 3R7, Canada",Dartmouth,Nova Scotia,0,0,Health consultant,https://www.google.com/maps/search/?api=1&query=Dartmouth%20Naturopathic%20Health%20Centre&query_place_id=ChIJmd6cib8jWksRnnudEiPZVfg
Dartmouth South Professional Centre,,+1 902-431-4446,https://atlanticadhd.com/,atlanticadhd.com,"245 Pleasant St, Dartmouth, NS B2Y 3R9, Canada",Dartmouth,Nova Scotia,2.6,98,Mental health clinic,https://www.google.com/maps/search/?api=1&query=Dartmouth%20South%20Professional%20Centre&query_place_id=ChIJH8Yhn78jWksRVclvqxYizp0
Balance Flow Wellness,hi@typemade.mx,,https://balanceflowwellness.info/,balanceflowwellness.info,"26 Peakview Way, Bedford, NS B4A 4H6, Canada",Bedford,Nova Scotia,5,2,Wellness center,https://www.google.com/maps/search/?api=1&query=Balance%20Flow%20Wellness&query_place_id=ChIJhZIBDO2LWUsRkKmtIWHvGjI
OPTIMIZE Wellness,,+1 902-445-2006,http://optimizewellness.ca/,optimizewellness.ca,"27 Peakview Way suite 202, Bedford, NS B4A 4H6, Canada",Bedford,Nova Scotia,5,2,Wellness center,https://www.google.com/maps/search/?api=1&query=OPTIMIZE%20Wellness&query_place_id=ChIJQUkuLRKKWUsRQrYkuqppFwY
ParaMed Home Health Care,,+1 416-255-2098,http://paramed.com/,paramed.com,"2445 Lake Shore Blvd W, Etobicoke, ON M8V 1C5, Canada",Etobicoke,Nova Scotia,2.5,12,Community health center,https://www.google.com/maps/search/?api=1&query=ParaMed%20Home%20Health%20Care&query_place_id=ChIJRQVg4mQ3K4gRjLn09Gm_XY0
Casselman Medical Centre,micah@micahrich.com,+1 613-764-5440,https://cassmed.ca/,cassmed.ca,"629 Principale St, Casselman, ON K0A 1M0, Canada",Casselman,Nova Scotia,2.8,64,Medical clinic,https://www.google.com/maps/search/?api=1&query=Casselman%20Medical%20Centre&query_place_id=ChIJQ-In_1SHzkwRNWOxD7hobco
ParaMed,media@extendicare.com,+1 705-495-4391,https://www.paramed.com/north-bay/,www.paramed.com,"222 McIntyre St W #300, North Bay, ON P1B 2Y8, Canada",North Bay,Nova Scotia,1,3,Home health care service,https://www.google.com/maps/search/?api=1&query=ParaMed&query_place_id=ChIJZ1Lbe5yqKU0RzHKpmLQT_3U
NOVAKET INFUSION CLINIC,,,http://novaket.ca/,novaket.ca,"6088 Quinpool Rd, Halifax, NS B3L 1A1, Canada",Halifax,Nova Scotia,5,1,Medical clinic,https://www.google.com/maps/search/?api=1&query=NOVAKET%20INFUSION%20CLINIC&query_place_id=ChIJD4qyIioiWksRTVFr5sXfUGA
Bayshore Infusion Clinic,clientservice@bayshore.ca,(877) 235-7798,https://www.bayshore.ca/locations/bayshore-infusion-clinic-halifax-ns/,www.bayshore.ca,"7071 Bayers Rd Suite 237, Halifax, NS B3L 2C1, Canada",Halifax,Nova Scotia,0,0,Medical clinic,https://www.google.com/maps/search/?api=1&query=Bayshore%20Infusion%20Clinic&query_place_id=ChIJXdsb0KYhWksRMH43UWtxFso
INVIVA,info@inviva.ca,,https://www.inviva.ca/find-a-clinic/-/clinic/nova-scotia/halifax/inviva-halifax-8211166,www.inviva.ca,"6960 Mumford Rd Suite 2030B, Halifax, NS B3L 4P1, Canada",Halifax,Nova Scotia,0,0,Medical clinic,https://www.google.com/maps/search/?api=1&query=INVIVA&query_place_id=ChIJudJg0-IhWksRPyGWMhrx1ss
TRUE NORTH,,+1 902-431-4433,http://truenorthcr.com/,truenorthcr.com,"362 Lacewood Dr, Halifax, NS B3S 1M7, Canada",Halifax,Nova Scotia,5,2,Medical clinic,https://www.google.com/maps/search/?api=1&query=TRUE%20NORTH&query_place_id=ChIJzf0Ny8shWksRkDLmqfMuSI4
Valley Naturopathic,vnc.office@eastlink.ca,+1 902-538-8733,https://www.valleynaturopathic.net/,www.valleynaturopathic.net,"139 Union St, Berwick, NS B0P 0B0, Canada",Berwick,Nova Scotia,5,1,Naturopathic practitioner,https://www.google.com/maps/search/?api=1&query=Valley%20Naturopathic&query_place_id=ChIJ3_tnTExDWEsRkCuyQb2lWX4
Cornerstone Naturopathic,,+1 902-820-3443,http://www.cornerstonenaturopathic.ca/,www.cornerstonenaturopathic.ca,"453 Brooklyn Rd, Yarmouth, NS B5A 5H5, Canada",Yarmouth,Nova Scotia,5,2,Naturopathic practitioner,https://www.google.com/maps/search/?api=1&query=Cornerstone%20Naturopathic&query_place_id=ChIJNXo_8dIRVksRBP1XeMHOZdc
"Dr. Adrienne Wood, ND",,+1 902-799-0796,http://drwoodnd.com/,drwoodnd.com,"431 Wilson St, Windsor, NS B0N 2T0, Canada",Windsor,Nova Scotia,5,3,Naturopathic practitioner,https://www.google.com/maps/search/?api=1&query=Dr.%20Adrienne%20Wood%2C%20ND&query_place_id=ChIJd50r06eoWUsRVrH6zeWBV3Y
Wolfville Naturopathic Clinic Inc,info@wolfvillehealth.com,+1 902-542-5560,https://www.wolfvillehealth.com/,www.wolfvillehealth.com,"189 Dykeland St, Wolfville, NS B4P 1A3, Canada",Wolfville,Nova Scotia,0,0,Naturopathic practitioner,https://www.google.com/maps/search/?api=1&query=Wolfville%20Naturopathic%20Clinic%20Inc&query_place_id=ChIJea7zj6NVWEsROtEHRl5wOSc
"Dr. Tara Lantz, ND Naturopathic Doctor",,+1 902-406-2006,http://www.drtaralantz.ca/,www.drtaralantz.ca,"2111 Maitland St #100, Halifax, NS B3K 2Z8, Canada",Halifax,Nova Scotia,0,0,Naturopathic practitioner,https://www.google.com/maps/search/?api=1&query=Dr.%20Tara%20Lantz%2C%20ND%20Naturopathic%20Doctor&query_place_id=ChIJV5U7PHkhWksR6LhGB-mPcCU
Dr Priya Joshi ND,,+1 902-406-0100,http://www.doctorpriya.com/,www.doctorpriya.com,"5991 Spring Garden Rd #465, Halifax, NS B3H 1Y6, Canada",Halifax,Nova Scotia,5,2,Naturopathic practitioner,https://www.google.com/maps/search/?api=1&query=Dr%20Priya%20Joshi%20ND&query_place_id=ChIJZ3zvKzAiWksRNbnugYghmts
MacLean Naturopathic Wellness Centre,,+1 902-538-0692,https://www.rivervalleypartnersinhealth.ca/about-us-theresa-maclean/,www.rivervalleypartnersinhealth.ca,"185 Commercial St, Berwick, NS B0P 1E0, Canada",Berwick,Nova Scotia,0,0,Naturopathic practitioner,https://www.google.com/maps/search/?api=1&query=MacLean%20Naturopathic%20Wellness%20Centre&query_place_id=ChIJQ8xnbspcWEsR-ejPzQcEI7Y
Dr. Ellen Conte ND,,+1 902-407-0808,http://ellenconte.com/,ellenconte.com,"2585 Beech St, Halifax, NS B3L 2X9, Canada",Halifax,Nova Scotia,5,1,Naturopathic practitioner,https://www.google.com/maps/search/?api=1&query=Dr.%20Ellen%20Conte%20ND&query_place_id=ChIJSSjKFoUhWksRWtYO50a213A
"Dr. Jennah Miller, ND",,+1 902-705-6550,http://www.jennahmiller.com/,www.jennahmiller.com,"90 Alderney Dr, Dartmouth, NS B2Y 4S8, Canada",Dartmouth,Nova Scotia,0,0,Naturopathic practitioner,https://www.google.com/maps/search/?api=1&query=Dr.%20Jennah%20Miller%2C%20ND&query_place_id=ChIJqbbQjmUjWksRTjmAeF-25BY
"Dr. Erin Balodis, Naturopathic Doctor",,+1 902-406-2006,,,"2111 Maitland St #100, Halifax, NS B3K 2Z8, Canada",Halifax,Nova Scotia,0,0,Naturopathic practitioner,https://www.google.com/maps/search/?api=1&query=Dr.%20Erin%20Balodis%2C%20Naturopathic%20Doctor&query_place_id=ChIJM3pzud-LWUsRQaLNYjq0x4Q
Dr. Lauren MacIntosh,,+1 902-464-2225,http://laurenmacintosh.com/,laurenmacintosh.com,"155 Ochterloney St, Dartmouth, NS B2Y 1C9, Canada",Dartmouth,Nova Scotia,0,0,Corporate office,https://www.google.com/maps/search/?api=1&query=Dr.%20Lauren%20MacIntosh&query_place_id=ChIJM-_CzFsjWksRiyKe_OFR170
"Dr. Erin Edmonds, ND (Luminate Co. Wellness Centre)",,+1 902-835-9319,,,"486 Starboard Dr, Bedford, NS B3M 0N6, Canada",Bedford,Nova Scotia,0,0,Naturopathic practitioner,https://www.google.com/maps/search/?api=1&query=Dr.%20Erin%20Edmonds%2C%20ND%20(Luminate%20Co.%20Wellness%20Centre)&query_place_id=ChIJJWm7uS8iWksR0yN4KzPDNL4
"Dr. Kathryn Urquhart, Naturopathic Doctor",,+1 902-835-4907,http://www.bedfordnaturopathic.ca/,www.bedfordnaturopathic.ca,"50 Gary Martin Dr #110, Bedford, NS B4B 0P9, Canada",Bedford,Nova Scotia,0,0,Naturopathic practitioner,https://www.google.com/maps/search/?api=1&query=Dr.%20Kathryn%20Urquhart%2C%20Naturopathic%20Doctor&query_place_id=ChIJMRxm28OJWUsRK08gRFikWII
Acupuncture & Naturopath Association of Nova Scotia,,+1 902-492-2828,,,"6606 Quinpool Rd, Halifax, NS B3H 4E1, Canada",Halifax,Nova Scotia,0,0,Naturopathic practitioner,https://www.google.com/maps/search/?api=1&query=Acupuncture%20%26%20Naturopath%20Association%20of%20Nova%20Scotia&query_place_id=ChIJeSeN-ykiWksRp1QfyTVrq8g
"Dr Cassandra Connolly, ND",user@domain.com,+1 782-482-3928,https://www.drcassandraconnollynd.com/,www.drcassandraconnollynd.com,"5209 St Margarets Bay Rd Suite 206, Upper Tantallon, NS B3Z 1E3, Canada",Upper Tantallon,Nova Scotia,4.5,2,Naturopathic practitioner,https://www.google.com/maps/search/?api=1&query=Dr%20Cassandra%20Connolly%2C%20ND&query_place_id=ChIJQ_87xiohWksRGXmhU6CO_Lc
Mindful Healing Naturopathic Consultations and Counselling,,+1 902-669-0387,http://mindfulhealing.ca/,mindfulhealing.ca,"3258 Isleville St, Halifax, NS B3K 3Y5, Canada",Halifax,Nova Scotia,0,0,Naturopathic practitioner,https://www.google.com/maps/search/?api=1&query=Mindful%20Healing%20Naturopathic%20Consultations%20and%20Counselling&query_place_id=ChIJNyDYeSlRX0sRX5c79QaFWRU
Dr Jeremy Hayman ND Naturopathic Doctor,,+1 902-820-3443,http://www.naturopathiccancer.ca/,www.naturopathiccancer.ca,"14 Old School Rd, Upper Tantallon, NS B3Z 2J6, Canada",Upper Tantallon,Nova Scotia,5,2,Naturopathic practitioner,https://www.google.com/maps/search/?api=1&query=Dr%20Jeremy%20Hayman%20ND%20Naturopathic%20Doctor&query_place_id=ChIJQ128a_KNWUsR6dbJwI7wnLQ
Dr. Ben Connolly,,+1 902-820-3443,http://www.drbenconnolly.com/,www.drbenconnolly.com,"14 Old School Rd, Upper Tantallon, NS B3Z 2J6, Canada",Upper Tantallon,Nova Scotia,5,4,Naturopathic practitioner,https://www.google.com/maps/search/?api=1&query=Dr.%20Ben%20Connolly&query_place_id=ChIJgdk_Ay6NWUsRdZjueY5FGvI
Naturopathic Way,,+1 902-449-8963,,,"260 Wyse Rd, Dartmouth, NS B3A 1N3, Canada",Dartmouth,Nova Scotia,1,1,Naturopathic practitioner,https://www.google.com/maps/search/?api=1&query=Naturopathic%20Way&query_place_id=ChIJdSBpXtQjWksRDng07cccl_E
"Dr. Jennifer Salib Huber, RD, ND",,+31 6 48209155,http://www.jennsalibhuber.ca/,www.jennsalibhuber.ca,"10 Portland St Unit 101, Dartmouth, NS B2Y 1G9, Canada",Dartmouth,Nova Scotia,0,0,Naturopathic practitioner,https://www.google.com/maps/search/?api=1&query=Dr.%20Jennifer%20Salib%20Huber%2C%20RD%2C%20ND&query_place_id=ChIJAw3B990jWksR6sZlNEd5Z08
Mother Nature's Natural Therapy Clinic,,+1 902-832-1958,http://mothernaturesnaturaltherapy.com/,mothernaturesnaturaltherapy.com,"50 Gary Martin Dr, Bedford, NS B4B 0P9, Canada",Bedford,Nova Scotia,5,2,Acupuncture clinic,https://www.google.com/maps/search/?api=1&query=Mother%20Nature's%20Natural%20Therapy%20Clinic&query_place_id=ChIJof2rnMyJWUsRJKREEQ6Kf08
"Dr. Taryn Deering, Naturopathic Doctor",,+1 902-252-3080,,,"546 Sackville Dr #400, Lower Sackville, NS B4C 2S2, Canada",Lower Sackville,Nova Scotia,0,0,Naturopathic practitioner,https://www.google.com/maps/search/?api=1&query=Dr.%20Taryn%20Deering%2C%20Naturopathic%20Doctor&query_place_id=ChIJX6ZKb-6IWUsR1_fkQeoKO-g
"Dr Ashley Margeson, ND",,+1 902-820-3443,http://www.ashleymargeson.com/,www.ashleymargeson.com,"14 Old School Rd, Upper Tantallon, NS B4V 2J3, Canada",Upper Tantallon,Nova Scotia,0,0,Naturopathic practitioner,https://www.google.com/maps/search/?api=1&query=Dr%20Ashley%20Margeson%2C%20ND&query_place_id=ChIJVWOGWi2NWUsRx-anAMCCcdo
Shine Through Energy Healing,,+1 902-789-9783,,,"6025 Almon St, Halifax, NS B3K 5N0, Canada",Halifax,Nova Scotia,0,0,Holistic medicine practitioner,https://www.google.com/maps/search/?api=1&query=Shine%20Through%20Energy%20Healing&query_place_id=ChIJ2U8VDb4hWksRBVnHMjDtrzM
On The Mend Alternative Therapies,,+1 902-457-3273,,,"19 Alma Crescent, Halifax, NS B3N 2C4, Canada",Halifax,Nova Scotia,0,0,Holistic medicine practitioner,https://www.google.com/maps/search/?api=1&query=On%20The%20Mend%20Alternative%20Therapies&query_place_id=ChIJ83sHT6ghWksRnnw-81pOKf0
"Dr. Abrar Negahban, Naturopathic Doctor",,+1 902-252-3080,https://drabrar.ca/,drabrar.ca,"30 Damascus Rd unit 101, Bedford, NS B4A 0C1, Canada",Bedford,Nova Scotia,0,0,Naturopathic practitioner,https://www.google.com/maps/search/?api=1&query=Dr.%20Abrar%20Negahban%2C%20Naturopathic%20Doctor&query_place_id=ChIJZ0I0WieJWUsRP-umrBRfR3U
Bedford Couple & Family Therapy,reception@bedfordtherapy.ca,+1 902-800-4627,https://bedfordtherapy.ca/,bedfordtherapy.ca,"Suite #220, 1600 Bedford Hwy, Bedford, NS B4A 1E8, Canada",Bedford,Nova Scotia,0,0,Psychotherapist,https://www.google.com/maps/search/?api=1&query=Bedford%20Couple%20%26%20Family%20Therapy&query_place_id=ChIJQ81hA86JWUsRB9Rd64_D30k
ML Family Counselling Clinic Bedford,ashley@mlfamilycounselling.com,+1 902-476-0056,https://www.mlfamilycounselling.com/,www.mlfamilycounselling.com,"11 Bloom Ln Suite 216, Bedford, NS B4B 0W5, Canada",Bedford,Nova Scotia,0,0,Mental health clinic,https://www.google.com/maps/search/?api=1&query=ML%20Family%20Counselling%20Clinic%20Bedford&query_place_id=ChIJvarHyEOLWUsRujOKfoHLwvw
Restore. Renew. Revive.,info@restorecounselling.ca,+1 902-702-7722,https://restorecounselling.ca/,restorecounselling.ca,"#220, 1600 Bedford Hwy, Bedford, NS B4A 1E8, Canada",Bedford,Nova Scotia,5,2,Psychotherapist,https://www.google.com/maps/search/?api=1&query=Restore.%20Renew.%20Revive.&query_place_id=ChIJmUj4bMSJWUsRIzhigzxiZuc
KB Counselling Therapy,info@kbcounsellingtherapy.com,+1 902-707-3701,https://kbcounsellingtherapy.com/,kbcounsellingtherapy.com,"1550 Bedford Hwy suite 304, Bedford, NS B4A 1E6, Canada",Bedford,Nova Scotia,5,1,Psychotherapist,https://www.google.com/maps/search/?api=1&query=KB%20Counselling%20Therapy&query_place_id=ChIJ1zw5uOWJWUsRykuWL7j01u4
Dr. Leah Clyburn & Associates,info@drleah.ca,+1 902-440-7528,https://www.drleahclyburn.ca/,www.drleahclyburn.ca,"72 Gary Martin Dr Suite 100, Bedford, NS B4B 0P7, Canada",Bedford,Nova Scotia,5,2,Psychologist,https://www.google.com/maps/search/?api=1&query=Dr.%20Leah%20Clyburn%20%26%20Associates&query_place_id=ChIJqwRqToKJWUsRKvgom9yKrpc
Milestones Psychological Services,,+1 902-830-4808,,,"827 Bedford Hwy, Bedford, NS B4A 0J1, Canada",Bedford,Nova Scotia,0,0,Mental health service,https://www.google.com/maps/search/?api=1&query=Milestones%20Psychological%20Services&query_place_id=ChIJiT9PYfiJWUsR1uyrGSj13nA
Mountain View Counselling,,+1 902-789-6227,,,"1356 Bedford Hwy, Bedford, NS B4A 1E2, Canada",Bedford,Nova Scotia,0,0,Mental health clinic,https://www.google.com/maps/search/?api=1&query=Mountain%20View%20Counselling&query_place_id=ChIJSV9r9X6JWUsRvXs3fAp7j4c
Dartmouth Psychological Services Inc.,,+1 902-461-8133,http://dartmouthpsychological.ca/,dartmouthpsychological.ca,"45 Alderney Dr #1050, Dartmouth, NS B2Y 2N5, Canada",Dartmouth,Nova Scotia,0,0,Psychologist,https://www.google.com/maps/search/?api=1&query=Dartmouth%20Psychological%20Services%20Inc.&query_place_id=ChIJOwZvQ-cjWksRlOqHrmGOAgI
True North Psychological Services Dartmouth,cropped-cropped-tnps_logo_285x765@2x-q04jo2kt9x5nhpmwpsx0gyk5izfejjun5fx442vj58.png,+1 902-536-2689,https://truenorthpsychological.com/,truenorthpsychological.com,"3 Spectacle Lake Dr Unit 390, Dartmouth, NS B3B 1W8, Canada",Dartmouth,Nova Scotia,5,1,Psychologist,https://www.google.com/maps/search/?api=1&query=True%20North%20Psychological%20Services%20Dartmouth&query_place_id=ChIJaZA4UD0nWksRiFNXvD8DiOI
Carleen Hall Psychological Services,,+1 902-406-7413,http://carleenhall.ca/,carleenhall.ca,"Parking lot, 250 Baker Dr Suite 235, Dartmouth, NS B2W 6L4, Canada",Dartmouth,Nova Scotia,5,1,Mental health service,https://www.google.com/maps/search/?api=1&query=Carleen%20Hall%20Psychological%20Services&query_place_id=ChIJAQDA4JgjWksRmBVLwPV8RYc
Driftwood Psychology,services@driftwoodpsychology.ca,+1 782-321-6300,https://www.driftwoodpsychology.ca/,www.driftwoodpsychology.ca,"300 Prince Albert Rd, Dartmouth, NS B2Y 4J2, Canada",Dartmouth,Nova Scotia,0,0,Psychologist,https://www.google.com/maps/search/?api=1&query=Driftwood%20Psychology&query_place_id=ChIJC7GMlOgjWksRrbmERjOoqOE
Halifax Counselling and Wellness (Dartmouth Clinic),user@domain.com,+1 902-600-9317,https://www.halifaxcounselling.ca/,www.halifaxcounselling.ca,"31 Gloster Ct, Dartmouth, NS B3B 1X9, Canada",Dartmouth,Nova Scotia,5,3,Psychologist,https://www.google.com/maps/search/?api=1&query=Halifax%20Counselling%20and%20Wellness%20(Dartmouth%20Clinic)&query_place_id=ChIJu30DzxQnWksRhff6GUm1-MA
Affirming Psychology,privacypolicyupdates@automattic.com,,http://affirmingpsychology.ca/,affirmingpsychology.ca,"250 Baker Dr Suite 233, Dartmouth, NS B2W 6L4, Canada",Dartmouth,Nova Scotia,5,1,Psychologist,https://www.google.com/maps/search/?api=1&query=Affirming%20Psychology&query_place_id=ChIJ45B6PAAjWksRR0SBeNw--bA
"Canadian Mental Health Association, Nova Scotia Division",ybranch@cmhask.com,(877) 466-6606,https://novascotia.cmha.ca/,novascotia.cmha.ca,"644 Portland St Suite 201 3, Dartmouth, NS B2W 2M3, Canada",Dartmouth,Nova Scotia,4.5,2,Mental health clinic,https://www.google.com/maps/search/?api=1&query=Canadian%20Mental%20Health%20Association%2C%20Nova%20Scotia%20Division&query_place_id=ChIJu42uzeAjWksRpXvY1w_mWrs
IWK Dartmouth Community Mental Health and Addictions Clinic,human.resources@iwk.nshealth.ca,+1 902-469-8170,https://iwkhealth.ca/,iwkhealth.ca,"99 Wyse Rd #1420, Dartmouth, NS B3A 4S5, Canada",Dartmouth,Nova Scotia,0,0,Medical clinic,https://www.google.com/maps/search/?api=1&query=IWK%20Dartmouth%20Community%20Mental%20Health%20and%20Addictions%20Clinic&query_place_id=ChIJxzn1_14hWksRqnOJlTXxu5c
NuVista Mental Health,admindartmouth@truenorthps.ca,+1 902-536-2689,https://nuvistamentalhealth.com/locations/dartmouth/,nuvistamentalhealth.com,"3 Spectacle Lake Dr, Dartmouth, NS B3B 1W8, Canada",Dartmouth,Nova Scotia,0,0,Mental health clinic,https://www.google.com/maps/search/?api=1&query=NuVista%20Mental%20Health&query_place_id=ChIJAQDAMcQmWksROi0Zqlzl8BM
CMHA Halifax-Dartmouth Branch,user@domain.com,+1 902-455-5445,https://www.cmhahalifaxdartmouth.ca/,www.cmhahalifaxdartmouth.ca,"7071 Bayers Rd #311, Halifax, NS B3L 4P3, Canada",Halifax,Nova Scotia,5,1,Mental health service,https://www.google.com/maps/search/?api=1&query=CMHA%20Halifax-Dartmouth%20Branch&query_place_id=ChIJCRaChNMjWksRkG77cFqnJmA
The Peoples' Counselling Clinic,,+1 902-832-1593,http://www.thepeoplescounsellingclinic.ca/,www.thepeoplescounsellingclinic.ca,"6169 Quinpool Rd Suite 202, Halifax, NS B3L 4P8, Canada",Halifax,Nova Scotia,5,1,Counselor,https://www.google.com/maps/search/?api=1&query=The%20Peoples'%20Counselling%20Clinic&query_place_id=ChIJYUSrt1kjWksR7-OBNeHw2JQ
Haven for Hope Counselling Centre,,+1 902-443-7191,http://www.havenforhope.ca/,www.havenforhope.ca,"6169 Quinpool Rd Suite 205, Halifax, NS B3L 4P8, Canada",Halifax,Nova Scotia,5,1,Mental health service,https://www.google.com/maps/search/?api=1&query=Haven%20for%20Hope%20Counselling%20Centre&query_place_id=ChIJVQ3tgVwhWksRMWUTB_gcV3A
Bayers Road Community Mental Health,,+1 902-454-1400,http://www.cdha.nshealth.ca/mental-health-and-addictions-program/programs-and-services/mental-health-services/services-communi-2,www.cdha.nshealth.ca,"7071 Bayers Rd & Bayers Road Centre, Halifax, NS B3L 4T7, Canada",Halifax,Nova Scotia,1.8,29,Mental health clinic,https://www.google.com/maps/search/?api=1&query=Bayers%20Road%20Community%20Mental%20Health&query_place_id=ChIJkd4xCaQhWksR-JqvMlgK3gw
Free Range Therapy,,+1 902-456-3613,http://freerangetherapy.ca/,freerangetherapy.ca,"5991 Spring Garden Rd #465, Halifax, NS B3H 4R7, Canada",Halifax,Nova Scotia,3.7,3,Mental health service,https://www.google.com/maps/search/?api=1&query=Free%20Range%20Therapy&query_place_id=ChIJr6q6uS8iWksRoWZNZJ5bUzg
Aulakh Psychological and Counselling Services Inc.,info@aulakhpsychology.ca,+1 902-490-0090,https://www.aulakhpsychology.ca/,www.aulakhpsychology.ca,"6155 North St #305, Halifax, NS B3K 5R3, Canada",Halifax,Nova Scotia,4,4,Psychologist,https://www.google.com/maps/search/?api=1&query=Aulakh%20Psychological%20and%20Counselling%20Services%20Inc.&query_place_id=ChIJFZC2ToAhWksRgap1GzXTdzE
Halifax Psychologist,,+1 902-932-8428,http://www.halifaxpsychologist.com/,www.halifaxpsychologist.com,"1526 Dresden Row, Halifax, NS B3J 1G9, Canada",Halifax,Nova Scotia,5,1,Psychologist,https://www.google.com/maps/search/?api=1&query=Halifax%20Psychologist&query_place_id=ChIJLTNTMD8iWksRHH4jpyLV52c
Shift Psychological and Counselling Services,,+1 902-407-7070,http://shifttherapy.ca/,shifttherapy.ca,"5663 Nora Bernard St Suite 300, Halifax, NS B3K 1B6, Canada",Halifax,Nova Scotia,4,4,Psychologist,https://www.google.com/maps/search/?api=1&query=Shift%20Psychological%20and%20Counselling%20Services&query_place_id=ChIJZRXQZaYhWksRBl_SaKaHWmQ
Catherine Phinney Counselling & Psychotherapy,connect@catherinephinney.com,+1 782-312-0150,https://www.catherinephinney.com/,www.catherinephinney.com,"Southend Suites, 1226 Hollis St Suite 101, Halifax, NS B3J 1T6, Canada",Halifax,Nova Scotia,5,3,Psychotherapist,https://www.google.com/maps/search/?api=1&query=Catherine%20Phinney%20Counselling%20%26%20Psychotherapy&query_place_id=ChIJqas9DbAjWksR16I09Kd98V0
Satisfied life Counselling Services,,+1 902-817-6642,,,"Halifax, NS B3P 0K7, Canada",Halifax,Nova Scotia,5,1,Mental health service,https://www.google.com/maps/search/?api=1&query=Satisfied%20life%20Counselling%20Services&query_place_id=ChIJCdyubwQZWksRQ8_x8sI6Hgw
Fenwick Psychological Services,hello@fenwickwellness.ca,+1 902-421-7514,https://fenwickwellness.ca/,fenwickwellness.ca,"5595 Fenwick St, Halifax, NS B3H 4M2, Canada",Halifax,Nova Scotia,5,2,Psychologist,https://www.google.com/maps/search/?api=1&query=Fenwick%20Psychological%20Services&query_place_id=ChIJZSwYuTciWksR17BSu-E8moI
Anchor Point Psychological Services,,+1 902-200-2081,http://www.anchorpointpsych.ca/,www.anchorpointpsych.ca,"11 Bloom Ln unit 208, Bedford, NS B4B 0W5, Canada",Bedford,Nova Scotia,0,0,Mental health clinic,https://www.google.com/maps/search/?api=1&query=Anchor%20Point%20Psychological%20Services&query_place_id=ChIJgxVY6IeLWUsRQMYlZ9JUhVo
emPower Psychological Services,,+1 902-407-7286,,,"2 Bluewater Rd, Bedford, NS B4B 1G7, Canada",Bedford,Nova Scotia,5,1,Psychologist,https://www.google.com/maps/search/?api=1&query=emPower%20Psychological%20Services&query_place_id=ChIJQTi-YHiJWUsRPZr8G0TQcV8
Kathrine Lincoln & Associates Inc.,,+1 902-719-7039,http://www.kathrinelincolnassociates.com/,www.kathrinelincolnassociates.com,"1550 Bedford Hwy, Bedford, NS B4A 1E6, Canada",Bedford,Nova Scotia,5,2,Psychologist,https://www.google.com/maps/search/?api=1&query=Kathrine%20Lincoln%20%26%20Associates%20Inc.&query_place_id=ChIJLRTNnxeJWUsRj-kMF5HTa_c
Red Chair Psychology Inc.,,+1 902-517-1057,http://www.redchairpsychology.com/,www.redchairpsychology.com,"35 Bloom Ln Suites 217 & 220, Bedford, NS B4B 2E6, Canada",Bedford,Nova Scotia,0,0,Psychologist,https://www.google.com/maps/search/?api=1&query=Red%20Chair%20Psychology%20Inc.&query_place_id=ChIJlbGedy2LWUsRIyTa_BTgRJ4
Bird & Associates Psychological Services Inc.,info@birdpsychological.com,+1 902-832-9715,https://birdpsychological.com/,birdpsychological.com,"1550 Bedford Hwy suite 601, Bedford, NS B4A 1E6, Canada",Bedford,Nova Scotia,4,4,Psychologist,https://www.google.com/maps/search/?api=1&query=Bird%20%26%20Associates%20Psychological%20Services%20Inc.&query_place_id=ChIJ3fKbuXghWksRy7uLYAR1tgc
Sunnyside Psychological Services,,+1 902-832-5190,http://sunnysidepsychological.com/,sunnysidepsychological.com,"1600 Bedford Hwy, Bedford, NS B4A 1E8, Canada",Bedford,Nova Scotia,0,0,Psychologist,https://www.google.com/maps/search/?api=1&query=Sunnyside%20Psychological%20Services&query_place_id=ChIJPSj6MAeJWUsRmO_-XJDgzWI
Developing Minds Psychology Center,,+1 902-579-1481,http://mydevelopingmind.ca/,mydevelopingmind.ca,"35 Bloom Ln #105, Bedford, NS B4B 2E6, Canada",Bedford,Nova Scotia,0,0,Psychologist,https://www.google.com/maps/search/?api=1&query=Developing%20Minds%20Psychology%20Center&query_place_id=ChIJCRlIOP2LWUsR42hgtOPWfiU
LRL Counselling and Consulting,,+1 782-826-2683,http://www.lrlcounselling.com/,www.lrlcounselling.com,"2 Bluewater Rd Suite 206, Bedford, NS B4B 1G7, Canada",Bedford,Nova Scotia,5,1,Psychotherapist,https://www.google.com/maps/search/?api=1&query=LRL%20Counselling%20and%20Consulting&query_place_id=ChIJT2OCHQCJWUsR6Hhjsd4s7_0
Strongest Families Institute,support@livecon.com,(866) 470-7111,https://strongestfamilies.com/,strongestfamilies.com,"2 Dartmouth Rd, Bedford, NS B4A 2K7, Canada",Bedford,Nova Scotia,5,1,Corporate office,https://www.google.com/maps/search/?api=1&query=Strongest%20Families%20Institute&query_place_id=ChIJrxc1CnyJWUsRK2j0OgOhDSg
Dr. Holly McConville,,+1 902-225-9147,http://www.drhollymcconville.com/,www.drhollymcconville.com,"72 Gary Martin Dr Suite 100, Bedford, NS B4B 0P7, Canada",Bedford,Nova Scotia,1,1,Psychologist,https://www.google.com/maps/search/?api=1&query=Dr.%20Holly%20McConville&query_place_id=ChIJK10LuYKJWUsR2V837brxUFk
Dr. C. K. Perrier & Associates,,+1 902-220-8680,http://www.perrierwellness.ca/,www.perrierwellness.ca,"1687 Bedford Hwy Unit 2A, Bedford, NS B4A 1G1, Canada",Bedford,Nova Scotia,0,0,Psychologist,https://www.google.com/maps/search/?api=1&query=Dr.%20C.%20K.%20Perrier%20%26%20Associates&query_place_id=ChIJGd2PfGIgWksReMPazajbBqg
New Dawn Counselling and Psychotherapy,privacypolicyupdates@automattic.com,+1 902-401-6778,http://www.newdawncounselling.com/,www.newdawncounselling.com,"218, 2 Bluewater Rd, Bedford, NS B4B 1G7, Canada",Bedford,Nova Scotia,0,0,Psychotherapist,https://www.google.com/maps/search/?api=1&query=New%20Dawn%20Counselling%20and%20Psychotherapy&query_place_id=ChIJ8-VWz8wjWksRRDkApjohuhQ
Brunswick Creek Psychology Services,,+1 902-700-4819,https://www.brunswickcreek.ca/,www.brunswickcreek.ca,"35 Bloom Ln Suite 221, Bedford, NS B4B 2E6, Canada",Bedford,Nova Scotia,0,0,Psychologist,https://www.google.com/maps/search/?api=1&query=Brunswick%20Creek%20Psychology%20Services&query_place_id=ChIJdxgg36OLWUsROrdoy9MEO7Q
Holding Space Counselling Therapy,,+1 902-497-5221,https://www.holdingspacens.com/,www.holdingspacens.com,"2 Bluewater Rd, Bedford, NS B4B 1G7, Canada",Bedford,Nova Scotia,0,0,Psychotherapist,https://www.google.com/maps/search/?api=1&query=Holding%20Space%20Counselling%20Therapy&query_place_id=ChIJ2VtZAb-JWUsRSi-j66RKxtg
Beyond Trauma Therapy,hannah@beyondtraumatherapy.ca,+1 902-510-1242,https://beyondtraumatherapy.ca/,beyondtraumatherapy.ca,"1550 Bedford Hwy suite 304, Bedford, NS B4A 1E6, Canada",Bedford,Nova Scotia,0,0,Counselor,https://www.google.com/maps/search/?api=1&query=Beyond%20Trauma%20Therapy&query_place_id=ChIJOxsxm6SJWUsREZC3naP8bmM
Brushett Kelly MSc RMFT,,+1 902-488-5975,,,"1278 Bedford Hwy, Bedford, NS B4A 1C7, Canada",Bedford,Nova Scotia,0,0,Family counselor,https://www.google.com/maps/search/?api=1&query=Brushett%20Kelly%20MSc%20RMFT&query_place_id=ChIJB8f4wOuJWUsRWB0reaDN56I
Birchside Psychological Services,,+1 902-404-9940,,,"1658 Bedford Hwy, Bedford, NS B4A 2X9, Canada",Bedford,Nova Scotia,0,0,Psychologist,https://www.google.com/maps/search/?api=1&query=Birchside%20Psychological%20Services&query_place_id=ChIJdznHXD2JWUsRsroMoPmWOxk
Crossroads Counselling & Psychological Services,info@crossroadscpc.ca,+1 902-702-3656,https://crossroadscpc.ca/,crossroadscpc.ca,"128 Appaloosa Run, Hammonds Plains, NS B4B 0C1, Canada",Hammonds Plains,Nova Scotia,4,4,Psychologist,https://www.google.com/maps/search/?api=1&query=Crossroads%20Counselling%20%26%20Psychological%20Services&query_place_id=ChIJq6pqzN-LWUsR7o-0gnCl7is
Sunrise Psychological,terra@sunrisepsychological.ca,+1 902-267-8111,https://www.sunrisepsychological.ca/,www.sunrisepsychological.ca,"1496 Bedford Hwy Suite 330, Bedford, NS B4A 1E5, Canada",Bedford,Nova Scotia,5,2,Mental health clinic,https://www.google.com/maps/search/?api=1&query=Sunrise%20Psychological&query_place_id=ChIJM1zE2J4nWksReV-mzE3dybg
Terrain Psychotherapy,,+1 782-321-2346,https://terrainpsychotherapy.com/,terrainpsychotherapy.com,"1600 Bedford Hwy Suite 303, Bedford, NS B4A 1E8, Canada",Bedford,Nova Scotia,0,0,Psychotherapist,https://www.google.com/maps/search/?api=1&query=Terrain%20Psychotherapy&query_place_id=ChIJlRvxq_uJWUsRCmDthj72NCM
Alder Grove Counselling,user@domain.com,+1 902-223-9617,https://aldergrovecounselling.com/,aldergrovecounselling.com,"Parking lot, 15 Dartmouth Rd, Bedford, NS B4A 2M9, Canada",Bedford,Nova Scotia,0,0,Mental health service,https://www.google.com/maps/search/?api=1&query=Alder%20Grove%20Counselling&query_place_id=ChIJi0KVOzqJWUsRwZJLyM--cB4
DEBORAH HUBBLE SMITH,,+1 902-464-2225,http://deborahhubblesmith.ca/,deborahhubblesmith.ca,"Bedford Couple and Family Therapy, 1600 Bedford Hwy Suite 220, Bedford, NS B4A 1E8, Canada",Bedford,Nova Scotia,0,0,Counselor,https://www.google.com/maps/search/?api=1&query=DEBORAH%20HUBBLE%20SMITH&query_place_id=ChIJFburk-MjWksRwXgeODA8FvI
Seymour Psychological Services Inc,,+1 902-865-7321,http://seymourpsychological.ca/,seymourpsychological.ca,"Lower Sackville, NS B4C 2N1, Canada",Lower Sackville,Nova Scotia,5,2,Psychologist,https://www.google.com/maps/search/?api=1&query=Seymour%20Psychological%20Services%20Inc&query_place_id=ChIJxaOj4JKJWUsRZbI4GfwzCoA
Lisa's - Holistic Rehab & Neurofeedback Inc,info@lisasholisticrehab.com,+1 902-580-7342,https://lisasholisticrehab.com/,lisasholisticrehab.com,"397 Bedford Hwy, Halifax, NS B3M 2C8, Canada",Halifax,Nova Scotia,5,4,Occupational therapist,https://www.google.com/maps/search/?api=1&query=Lisa's%20-%20Holistic%20Rehab%20%26%20Neurofeedback%20Inc&query_place_id=ChIJYXVZQ46JWUsRmXXdxQ1jy3M
Broad Therapy Services,,+1 902-266-2198,http://broadtherapy.ca/,broadtherapy.ca,"600 Bedford Hwy Office No: 214, Halifax, NS B3M 2L8, Canada",Halifax,Nova Scotia,0,0,Mental health service,https://www.google.com/maps/search/?api=1&query=Broad%20Therapy%20Services&query_place_id=ChIJ-SwR05CLWUsR17I2R9TE-iw
Wild Art Therapy Collective,,,http://www.wildarttherapy.com/,www.wildarttherapy.com,"222 Waterfront Dr suite 103, Bedford, NS B4A 0H3, Canada",Bedford,Nova Scotia,0,0,Psychotherapist,https://www.google.com/maps/search/?api=1&query=Wild%20Art%20Therapy%20Collective&query_place_id=ChIJB_pl5YIZWksRs7OsRGZ_8IY
Counselling Therapy,marlene@caringconversation.ca,+1 902-832-6026,https://www.caringconversationscounselling.ca/contact,www.caringconversationscounselling.ca,"36 Brookshire Ct, Bedford, NS B4A 4E9, Canada",Bedford,Nova Scotia,0,0,Counselor,https://www.google.com/maps/search/?api=1&query=Counselling%20Therapy&query_place_id=ChIJAQBQQ46JWUsRCG9l7drGqB4
Nova Counselling,inquiries@novacounselling.ca,+1 782-201-0182,https://novacounselling.ca/contact/,novacounselling.ca,"36 Brookshire Ct, Bedford, NS B4A 4E9, Canada",Bedford,Nova Scotia,0,0,Counselor,https://www.google.com/maps/search/?api=1&query=Nova%20Counselling&query_place_id=ChIJuxJ9Q46JWUsRx7aJzT8zjlo
Maritime PTC,maritimeptc@gmail.com,+1 902-301-7430,https://www.maritimeplaytherapycentre.com/,www.maritimeplaytherapycentre.com,"1600 Bedford Hwy, Bedford, NS B4A 1E8, Canada",Bedford,Nova Scotia,0,0,Psychotherapist,https://www.google.com/maps/search/?api=1&query=Maritime%20PTC&query_place_id=ChIJbXU2eLWJWUsRGu0ZVLdusNo
Genest MacGillivray Psychologists,,+1 902-492-2546,http://www.halifaxpsychologists.com/,www.halifaxpsychologists.com,"5739 Inglis St, Halifax, NS B3H 1K5, Canada",Halifax,Nova Scotia,5,2,Counselor,https://www.google.com/maps/search/?api=1&query=Genest%20MacGillivray%20Psychologists&query_place_id=ChIJ59WvjjgiWksRRING6VNwmEI
Taylor Brydges Counselling Therapy,,+1 902-701-4834,https://brydgestherapy.com/,brydgestherapy.com,"25 Wentworth St Suite 205, Dartmouth, NS B2Y 2S7, Canada",Dartmouth,Nova Scotia,5,4,Counselor,https://www.google.com/maps/search/?api=1&query=Taylor%20Brydges%20Counselling%20Therapy&query_place_id=ChIJiWDAi-0jWksRlxwn2ts87W8
Inner Insight Therapy,user@domain.com,,https://www.innerinsighttherapy.com/,www.innerinsighttherapy.com,"177 Main St #101, Dartmouth, NS B2X 1S1, Canada",Dartmouth,Nova Scotia,5,1,Mental health clinic,https://www.google.com/maps/search/?api=1&query=Inner%20Insight%20Therapy&query_place_id=ChIJLyL8PbslWksR1TXCLhKCMYY
Christina G Wilson Counselling For Children Adolescents & Families,,+1 902-499-0592,,,"10 Portland St, Dartmouth, NS B2Y 1H1, Canada",Dartmouth,Nova Scotia,5,1,Family counselor,https://www.google.com/maps/search/?api=1&query=Christina%20G%20Wilson%20Counselling%20For%20Children%20Adolescents%20%26%20Families&query_place_id=ChIJH9JnUEQhWksR1Tp5R8D1kAs
Creating Your Balance Counselling Therapy,admin@cybct.ca,+1 902-420-6934,https://cybct.ca/,cybct.ca,"25 Wentworth St Suite 205, Dartmouth, NS B2Y 2S7, Canada",Dartmouth,Nova Scotia,5,1,Counselor,https://www.google.com/maps/search/?api=1&query=Creating%20Your%20Balance%20Counselling%20Therapy&query_place_id=ChIJT0xNeZIjWksRp5zcQs5HGYE
Marilyn Roberts Psychological Services,,+1 902-826-1704,http://www.robertspsychological.com/,www.robertspsychological.com,"56 Winslow Dr, Upper Tantallon, NS B3Z 1N9, Canada",Upper Tantallon,Nova Scotia,5,2,Corporate office,https://www.google.com/maps/search/?api=1&query=Marilyn%20Roberts%20Psychological%20Services&query_place_id=ChIJmZfOZEqNWUsRBPAM9ZpZ3-4
Together Forward Therapy,,+1 902-489-8587,https://togetherforwardtherapy.ca/,togetherforwardtherapy.ca,"1550 Bedford Hwy Suite 210, Bedford, NS B4A 1E6, Canada",Bedford,Nova Scotia,0,0,Counselor,https://www.google.com/maps/search/?api=1&query=Together%20Forward%20Therapy&query_place_id=ChIJYacuhNuJWUsRheIbyWR-JN4
Halifax Talk and Thrive Psychology,info@talknthrive.com,+1 416-454-6646,https://talknthrive.com/,talknthrive.com,"1701 Hollis St Suite 800 - Office 821, Halifax, NS B3J 2T9, Canada",Halifax,Nova Scotia,5,2,Psychologist,https://www.google.com/maps/search/?api=1&query=Halifax%20Talk%20and%20Thrive%20Psychology&query_place_id=ChIJ2VuiKyAjWksRlWwSJLALQOk
Emerald Light Psychology,info@emeraldlightpsychology.com,+1 902-440-9226,https://www.emeraldlightpsychology.com/?utm_source=google&utm_medium=wix_google_business_profile&utm_campaign=9988813738076759710,www.emeraldlightpsychology.com,"1741 Lower Water St, Halifax, NS B3J 0J2, Canada",Halifax,Nova Scotia,5,1,Mental health clinic,https://www.google.com/maps/search/?api=1&query=Emerald%20Light%20Psychology&query_place_id=ChIJT7758HgjWksR9FmZ6KfYxZU
Counsellorsnearme,admin@cybct.ca,+1 902-420-6934,https://www.counsellorsnearme.ca/,www.counsellorsnearme.ca,"25 Wentworth St Suite 205, Dartmouth, NS B2Y 2S7, Canada",Dartmouth,Nova Scotia,0,0,Counselor,https://www.google.com/maps/search/?api=1&query=Counsellorsnearme&query_place_id=ChIJkydFobQjWksRNIK1ZRtLVLs
"Homewood Health, Halifax",,(866) 850-5791,https://homewoodhealth.com/,homewoodhealth.com,"255 Lacewood Dr, Halifax, NS B3M 4G2, Canada",Halifax,Nova Scotia,3.5,2,Mental health service,https://www.google.com/maps/search/?api=1&query=Homewood%20Health%2C%20Halifax&query_place_id=ChIJmZvnAF8hWksRQ7ClFDs_2IQ
Centre for Emotions & Health,,+1 902-473-7172,,,"5909 Veterans Memorial Ln, Halifax, NS B3H 2E2, Canada",Halifax,Nova Scotia,0,0,Mental health clinic,https://www.google.com/maps/search/?api=1&query=Centre%20for%20Emotions%20%26%20Health&query_place_id=ChIJDSLrLCwiWksRCu8a0qMMhsI
Nova Scotia Early Psychosis Program,admissions@dal.ca,+1 902-473-2976,http://earlypsychosis.medicine.dal.ca/,earlypsychosis.medicine.dal.ca,"5909 Veterans Memorial Ln, Halifax, NS B3H 2E2, Canada",Halifax,Nova Scotia,3.5,2,Mental health clinic,https://www.google.com/maps/search/?api=1&query=Nova%20Scotia%20Early%20Psychosis%20Program&query_place_id=ChIJDSLrLCwiWksRsyN2GZ8kiL8
Tranquility Online,,,http://tranquility.app/,tranquility.app,"5112 Prince St, Halifax, NS B3J 1L3, Canada",Halifax,Nova Scotia,2,1,Mental health service,https://www.google.com/maps/search/?api=1&query=Tranquility%20Online&query_place_id=ChIJWea6K3UjWksRJ8_OpxphsaM
Nova Psychological Services,,+1 902-420-8275,,,"5560 Sullivan St, Halifax, NS B3K 1X7, Canada",Halifax,Nova Scotia,5,2,Psychologist,https://www.google.com/maps/search/?api=1&query=Nova%20Psychological%20Services&query_place_id=ChIJBTrwOXAhWksRvWjaagZEw_o
Mental Health Foundation of Nova Scotia,user@domain.com,+1 902-464-6000,https://www.mentalhealthns.ca/,www.mentalhealthns.ca,"300 Pleasant St, Dartmouth, NS B2Y 2M7, Canada",Dartmouth,Nova Scotia,4.8,4,Charity,https://www.google.com/maps/search/?api=1&query=Mental%20Health%20Foundation%20of%20Nova%20Scotia&query_place_id=ChIJszQD8t0jWksRZ1DXFE5Y1x8
Atlantic Neuromodulation Solutions and Rehabilitation,,+1 902-466-2677,http://www.ansr.ca/,www.ansr.ca,"1658 Bedford Hwy #0320, Bedford, NS B4A 2X9, Canada",Bedford,Nova Scotia,4,4,Mental health clinic,https://www.google.com/maps/search/?api=1&query=Atlantic%20Neuromodulation%20Solutions%20and%20Rehabilitation&query_place_id=ChIJO_F0qKQhWksRloTn_hdcU1k
Pinwheel Wellness Centre,info@autismns.ca,,https://www.autismnovascotia.ca/programs/pinwheel-wellness-centre/,www.autismnovascotia.ca,"1658 Bedford Hwy, Bedford, NS B4A 2B6, Canada",Bedford,Nova Scotia,0,0,Mental health service,https://www.google.com/maps/search/?api=1&query=Pinwheel%20Wellness%20Centre&query_place_id=ChIJLajwGXqJWUsR0EAPTWzVq38
Five Star Wellbeing Counselling and Mental Health,,,http://www.fivestarwellbeing.com/,www.fivestarwellbeing.com,"1475 Bedford Hwy Suite 204, Bedford, NS B4A 3Z5, Canada",Bedford,Nova Scotia,5,1,Counselor,https://www.google.com/maps/search/?api=1&query=Five%20Star%20Wellbeing%20Counselling%20and%20Mental%20Health&query_place_id=ChIJOfUYrOSJWUsR73p3T-htQbw
Rich Mind,,+1 902-989-5594,http://www.richmind.ca/Psychotherapy,www.richmind.ca,"90 Western Pkwy, Bedford, NS B4B 0G4, Canada",Bedford,Nova Scotia,5,1,Mental health service,https://www.google.com/maps/search/?api=1&query=Rich%20Mind&query_place_id=ChIJ4Z8H_ROJWUsRKwt99a2I0Ao
Rainbow Tree Psychology,,+1 782-414-4404,http://www.rainbowtreepsychology.ca/,www.rainbowtreepsychology.ca,"1550 Bedford Hwy Unit 300, Bedford, NS B4A 1E6, Canada",Bedford,Nova Scotia,0,0,Mental health clinic,https://www.google.com/maps/search/?api=1&query=Rainbow%20Tree%20Psychology&query_place_id=ChIJ9-WCJaqJWUsR1IWKhNe4wuQ
ME Family Therapy & Resource Center,admin@mefamilytherapy.ca,+1 902-924-2880,https://mefamilytherapy.ca/,mefamilytherapy.ca,"827 Bedford Hwy, Bedford, NS B4A 0J1, Canada",Bedford,Nova Scotia,0,0,Mental health service,https://www.google.com/maps/search/?api=1&query=ME%20Family%20Therapy%20%26%20Resource%20Center&query_place_id=ChIJz9_WXACJWUsR1AsWBIgGdao
Eco Chic Hair Studio,,+1 902-406-8804,http://www.ecochicsalon.ca/,www.ecochicsalon.ca,"15 Dartmouth Rd, Bedford, NS B4A 2M9, Canada",Bedford,Nova Scotia,5,3,Beauty salon,https://www.google.com/maps/search/?api=1&query=Eco%20Chic%20Hair%20Studio&query_place_id=ChIJCSQCfTEiWksREbasySUJB2w
Salon Icon,,+1 902-802-2761,,,"1232 Bedford Hwy, Bedford, NS B4A 1C6, Canada",Bedford,Nova Scotia,5,4,Hair salon,https://www.google.com/maps/search/?api=1&query=Salon%20Icon&query_place_id=ChIJdV1OEVGJWUsRMgyA--zn15w
Bedford Village Hair Design,,(914) 234-7327,https://bedfordvillagehairdesign.com/,bedfordvillagehairdesign.com,"654 Old Post Rd, Bedford, NY 10506",Bedford,Nova Scotia,5,3,Hair salon,https://www.google.com/maps/search/?api=1&query=Bedford%20Village%20Hair%20Design&query_place_id=ChIJz6GaFuWlwokR4OVyrEOnmhk
Atelier Esthetics,,+1 902-835-2700,,,"1350 Bedford Hwy, Bedford, NS B4A 1E1, Canada",Bedford,Nova Scotia,5,2,Beauty salon,https://www.google.com/maps/search/?api=1&query=Atelier%20Esthetics&query_place_id=ChIJOX3VCOqJWUsR4hUeTJs_vkY
Meraki Hair Beautik,merakihairbeautik@hotmail.com,+1 902-579-8801,https://meraki-hair-beautik.square.site/,meraki-hair-beautik.square.site,"660 Bedford Hwy Suite 101, Halifax, NS B3M 0M5, Canada",Halifax,Nova Scotia,5,2,Beauty salon,https://www.google.com/maps/search/?api=1&query=Meraki%20Hair%20Beautik&query_place_id=ChIJN3x03Q6JWUsRHkPFGmcfasw
Dorothy's Hair Studio,hi@mystore.com,,https://dorothyshairstudio.square.site/,dorothyshairstudio.square.site,"660 Bedford Hwy Suite 102, Halifax, NS B3M 2L8, Canada",Halifax,Nova Scotia,5,2,Hair salon,https://www.google.com/maps/search/?api=1&query=Dorothy's%20Hair%20Studio&query_place_id=ChIJTRX7ah8hWksRePHlcagj8NY
Studio 95,,+1 902-708-0306,,,"1350 Bedford Hwy Ste 2, Bedford, NS B4A 1E1, Canada",Bedford,Nova Scotia,0,0,Beauty salon,https://www.google.com/maps/search/?api=1&query=Studio%2095&query_place_id=ChIJB3zewgGKWUsRUwhVGhdpGec
Abramova Lash Shop,info@abramova-lashshop.com,+1 902-430-8718,https://abramova-lashshop.com/,abramova-lashshop.com,"1093 Bedford Hwy, Bedford, NS B4A 1B7, Canada",Bedford,Nova Scotia,5,4,Beauty salon,https://www.google.com/maps/search/?api=1&query=Abramova%20Lash%20Shop&query_place_id=ChIJMTUGzu2JWUsRByzOQJosaBw
The V Effect,,+1 902-440-6117,,,"660 Bedford Hwy Suit 114, Halifax, NS B3M 0M5, Canada",Halifax,Nova Scotia,5,1,Eyelash salon,https://www.google.com/maps/search/?api=1&query=The%20V%20Effect&query_place_id=ChIJq6oObakgWksRb5Lr_8xZmCI
Carruthers Tara Dr,,+1 902-752-1442,,,"462 S Frederick St, New Glasgow, NS B2H 3R6, Canada",New Glasgow,Nova Scotia,5,2,Dentist,https://www.google.com/maps/search/?api=1&query=Carruthers%20Tara%20Dr&query_place_id=ChIJY3HirLIeXEsRHlEHt4ZOvVE
MacIntosh Denture Clinic,,+1 902-752-1200,,,"277 Glasgow St, New Glasgow, NS B2H 5C2, Canada",New Glasgow,Nova Scotia,5,1,Dentist,https://www.google.com/maps/search/?api=1&query=MacIntosh%20Denture%20Clinic&query_place_id=ChIJEck1C60eXEsRFVyEwKayRwI
JD Atlantic Dental Laboratory,,+1 902-695-3144,,,"151 Provost St, New Glasgow, NS B2H 5V5, Canada",New Glasgow,Nova Scotia,1,1,Dental laboratory,https://www.google.com/maps/search/?api=1&query=JD%20Atlantic%20Dental%20Laboratory&query_place_id=ChIJSWVAYLIeXEsRr1W4V3vq2oM
Wentworth Park Dental - Dr. Anne Ready,,+1 902-564-6217,,,"79 Byng Ave, Sydney, NS B1P 5C1, Canada",Sydney,Nova Scotia,5,1,Dentist,https://www.google.com/maps/search/?api=1&query=Wentworth%20Park%20Dental%20-%20Dr.%20Anne%20Ready&query_place_id=ChIJmYG5czn7Z0sRS_6hviXqRtc
North Sydney Dental - Dr. Colleen Lapierre,,+1 902-794-8454,,,"86 King St, North Sydney, NS B2A 1X8, Canada",North Sydney,Nova Scotia,4,3,Dentist,https://www.google.com/maps/search/?api=1&query=North%20Sydney%20Dental%20-%20Dr.%20Colleen%20Lapierre&query_place_id=ChIJfUoopAbvZ0sRRYBo8SjL9CQ
Wentworth Park Dental - Dr. Steven Walker,,+1 902-564-6217,,,"79 Byng Ave, Sydney, NS B1P 5C1, Canada",Sydney,Nova Scotia,5,3,,https://www.google.com/maps/search/?api=1&query=Wentworth%20Park%20Dental%20-%20Dr.%20Steven%20Walker&query_place_id=ChIJFUbscgD7Z0sRVeIi-F1hdDE
Pleasant St Dental Centre Inc,,+1 902-893-0134,,,"77 Arthur St, Truro, NS B2N 1X7, Canada",Truro,Nova Scotia,4.5,4,Dentist,https://www.google.com/maps/search/?api=1&query=Pleasant%20St%20Dental%20Centre%20Inc&query_place_id=ChIJDeOcSMRPWUsRQ0qHpLuwNzs
Dr. Stanley M Jacobson,,+1 902-539-3072,,,"276 Charlotte St, Sydney, NS B1P 1C6, Canada",Sydney,Nova Scotia,1,1,Endodontist,https://www.google.com/maps/search/?api=1&query=Dr.%20Stanley%20M%20Jacobson&query_place_id=ChIJn4roKi77Z0sRxcCssYVoxCU
Fine Touch Atlantic,,+1 902-835-4222,http://www.finetouchatlantic.com/,www.finetouchatlantic.com,"1232 Bedford Hwy, Bedford, NS B4A 1C6, Canada",Bedford,Nova Scotia,0,0,Dental clinic,https://www.google.com/maps/search/?api=1&query=Fine%20Touch%20Atlantic&query_place_id=ChIJazE0c-yJWUsRMmi8-0N9M5Y
Carrigan,,+1 902-835-5242,,,"1658 Bedford Hwy, Bedford, NS B4A 2X9, Canada",Bedford,Nova Scotia,0,0,Dental clinic,https://www.google.com/maps/search/?api=1&query=Carrigan&query_place_id=ChIJnced88WJWUsR43PxeSCbR8k
All About Teeth,,,,,"1083 Bedford Hwy, Bedford, NS B4A 1B7, Canada",Bedford,Nova Scotia,0,0,Dentist,https://www.google.com/maps/search/?api=1&query=All%20About%20Teeth&query_place_id=ChIJiep0GPKJWUsRrVjeoROZrjg
Beachview Dental Lab,,+1 902-329-5589,http://www.beachviewdental.ca/,www.beachviewdental.ca,"116 Capstone Crescent, Bedford, NS B4B 0H5, Canada",Bedford,Nova Scotia,5,2,Dental laboratory,https://www.google.com/maps/search/?api=1&query=Beachview%20Dental%20Lab&query_place_id=ChIJg3oRvdGJWUsRYBsJ5aZ8GGM
Urban Dental Design,,+1 902-835-1148,,,"1658 Bedford Hwy #2240, Bedford, NS B4A 2X9, Canada",Bedford,Nova Scotia,5,1,Dental laboratory,https://www.google.com/maps/search/?api=1&query=Urban%20Dental%20Design&query_place_id=ChIJlTu4274jWksRQLusJJuW-2s
Nova Scotia Regulator of Dentistry and Dental Assisting,,+1 902-420-0083,http://www.nsrdda.ca/,www.nsrdda.ca,"210 Waterfront Dr #103, Bedford, NS B4A 0H3, Canada",Bedford,Nova Scotia,4.5,2,Association / Organization,https://www.google.com/maps/search/?api=1&query=Nova%20Scotia%20Regulator%20of%20Dentistry%20and%20Dental%20Assisting&query_place_id=ChIJi32QETMiWksRgWhP-Xfig44
Dr. Erickson,,+1 902-835-6531,,,"1595 Bedford Hwy #206, Bedford, NS B4A 1E8, Canada",Bedford,Nova Scotia,5,1,Orthodontist,https://www.google.com/maps/search/?api=1&query=Dr.%20Erickson&query_place_id=ChIJI-onXcSJWUsRVtuFP8HpKvs
Nova Scotia Dental Association,,+1 902-420-0088,http://www.nsdental.org/,www.nsdental.org,"210 Waterfront Dr #101, Bedford, NS B4A 0H3, Canada",Bedford,Nova Scotia,2.3,3,Association / Organization,https://www.google.com/maps/search/?api=1&query=Nova%20Scotia%20Dental%20Association&query_place_id=ChIJxy2OETMiWksRt2U7mM4UxQE
Kafrouny Arzy Dr,,+1 902-895-3977,,,"336 Pictou Rd, Truro, NS B2N 6H3, Canada",Truro,Nova Scotia,5,1,Dentist,https://www.google.com/maps/search/?api=1&query=Kafrouny%20Arzy%20Dr&query_place_id=ChIJCedU6uBRWUsR7I-PK3DfOBk
Pnnce Street Dental,,+1 902-895-1601,,,"640 Prince St, Truro, NS B2N 1G4, Canada",Truro,Nova Scotia,5,1,Dentist,https://www.google.com/maps/search/?api=1&query=Pnnce%20Street%20Dental&query_place_id=ChIJC5bvOc9PWUsR2LWi8_rtbZc
"Michael J. Layton, DDS",,+1 902-895-4937,,,"10 Duke St, Truro, NS B2N 2A1, Canada",Truro,Nova Scotia,5,4,Dentist,https://www.google.com/maps/search/?api=1&query=Michael%20J.%20Layton%2C%20DDS&query_place_id=ChIJ25AtQMZPWUsRxC2mjSPqN3o
Smile House Dental Lab,,(855) 843-4210,http://www.smilehouse.ca/,www.smilehouse.ca,"332 Willow St Suite 302, Truro, NS B2N 5A5, Canada",Truro,Nova Scotia,0,0,Dental laboratory,https://www.google.com/maps/search/?api=1&query=Smile%20House%20Dental%20Lab&query_place_id=ChIJH_8lptNPWUsRBUaHxtar2Rk
Truro Denture Clinic,,+1 902-893-8010,http://www.trurodenture.ca/,www.trurodenture.ca,"134 Arthur St, Truro, NS B2N 1Y1, Canada",Truro,Nova Scotia,0,0,Denture care center,https://www.google.com/maps/search/?api=1&query=Truro%20Denture%20Clinic&query_place_id=ChIJhWxkBsVPWUsRJUOU4Abau6A
Truro Collaborative Practice,primaryhealthcare@nshealth.ca,+1 902-896-2877,https://cfpt.nshealth.ca/locations/truro-collaborative-practice,cfpt.nshealth.ca,"68 Robie St Suite 130, Truro, NS B2N 1L2, Canada",Truro,Nova Scotia,2.9,26,Doctor,https://www.google.com/maps/search/?api=1&query=Truro%20Collaborative%20Practice&query_place_id=ChIJhftS-kZPWUsRNJKNbTZoCyU
A1 Dental Care Inc,contact@a1dc.ca,+1 902-920-0072,https://a1dc.ca/,a1dc.ca,"25 Treaty Trail, Millbrook, NS B6L 1W3, Canada",Millbrook,Nova Scotia,0,0,Dental clinic,https://www.google.com/maps/search/?api=1&query=A1%20Dental%20Care%20Inc&query_place_id=ChIJeX2zMdZFWUsRV2OwvI8ZI5M
VCD Implant Center,,+1 902-843-4222,http://www.vcdimplantcenter.com/,www.vcdimplantcenter.com,"510 Prince St, Truro, NS B2N 1G1, Canada",Truro,Nova Scotia,0,0,Dentist,https://www.google.com/maps/search/?api=1&query=VCD%20Implant%20Center&query_place_id=ChIJc97fkchPWUsRl8kwTK3snoc
Ferguson Norman Dr Dentistry Inc,,+1 902-895-1601,,,"640 Prince St, Truro, NS B2N 1G4, Canada",Truro,Nova Scotia,0,0,Dentist,https://www.google.com/maps/search/?api=1&query=Ferguson%20Norman%20Dr%20Dentistry%20Inc&query_place_id=ChIJE5HwOc9PWUsRUwiYQ3J7UY4
BriteWhite Teeth Whitening Clinic,,+1 902-893-2063,,,"248 Willow St, Truro, NS B2N 5A2, Canada",Truro,Nova Scotia,0,0,Dentist,https://www.google.com/maps/search/?api=1&query=BriteWhite%20Teeth%20Whitening%20Clinic&query_place_id=ChIJq8vH6MFPWUsRuWvRq6peviw
SmilePro,,+1 902-843-2222,,,"23 Revere St, Truro, NS B2N 3J9, Canada",Truro,Nova Scotia,0,0,Dental laboratory,https://www.google.com/maps/search/?api=1&query=SmilePro&query_place_id=ChIJSQ25ivdPWUsRYHnSlfv0kCE
Maillet Wayne,,+1 902-896-0390,,,"640 Prince St, Truro, NS B2N 1G4, Canada",Truro,Nova Scotia,0,0,Endodontist,https://www.google.com/maps/search/?api=1&query=Maillet%20Wayne&query_place_id=ChIJrfXKMM9PWUsRAjXfK4cCrhg
Bower Neil L Dr,,+1 902-897-2626,,,"1019 Prince St, Truro, NS B2N 1H7, Canada",Truro,Nova Scotia,5,3,Doctor,https://www.google.com/maps/search/?api=1&query=Bower%20Neil%20L%20Dr&query_place_id=ChIJ73wAEdFPWUsRbCefcZ0YBvs
Truro Mall,,+1 902-895-9205,,,"245 Robie St, Truro, NS B2N 5N6, Canada",Truro,Nova Scotia,4,3,Optometrist,https://www.google.com/maps/search/?api=1&query=Truro%20Mall&query_place_id=ChIJTYoIC6VPWUsR1DDnghqReV0
The Dental Group,hello@thedentalgroup.ca,+1 902-920-0072,https://thedentalgroup.ca/,thedentalgroup.ca,"25 Treaty Trail, Millbrook, NS B6L 1W3, Canada",Millbrook,Nova Scotia,0,0,Dentist,https://www.google.com/maps/search/?api=1&query=The%20Dental%20Group&query_place_id=ChIJ34moWoxFWUsRrivkJchbLhk
Robyn Callaghan,,+1 902-897-3338,,,"98 Pleasant St, Truro, NS B2N 3S3, Canada",Truro,Nova Scotia,5,1,Naturopathic practitioner,https://www.google.com/maps/search/?api=1&query=Robyn%20Callaghan&query_place_id=ChIJx4CSHMVPWUsRGq5yDfce5qk
"Dr. Stephen Ellis, Member of Parliament - Cumberland-Colchester",,+1 902-895-2863,http://www.drstephenellismp.com/,www.drstephenellismp.com,"40 Inglis Pl A, Truro, NS B2N 4B4, Canada",Truro,Nova Scotia,5,3,Political party office,https://www.google.com/maps/search/?api=1&query=Dr.%20Stephen%20Ellis%2C%20Member%20of%20Parliament%20-%20Cumberland-Colchester&query_place_id=ChIJf_RKBa9PWUsRjZrWk4xZlGo
JULIA,,,,,"2037 Gottingen St, Halifax, NS B3K 3B1, Canada",Halifax,Nova Scotia,0,0,Dental clinic,https://www.google.com/maps/search/?api=1&query=JULIA&query_place_id=ChIJ0bHlNQAjWksR8gdeorRmJGI
Granville Central Ctr,,+1 902-464-4444,,,"190 NS-322, Dartmouth, NS B3A 1W2, Canada",Dartmouth,Nova Scotia,5,1,Dentist,https://www.google.com/maps/search/?api=1&query=Granville%20Central%20Ctr&query_place_id=ChIJK7W_pFohWksRYgFlT3edLPM
Lovitt-Stone D,,+1 902-434-1477,,,"50 Tacoma Dr, Dartmouth, NS B2W 3E6, Canada",Dartmouth,Nova Scotia,5,2,Dentist,https://www.google.com/maps/search/?api=1&query=Lovitt-Stone%20D&query_place_id=ChIJmx_hFQkkWksRpQOeq9pbgco
Victoria Road Periodontal Associates,,+1 902-463-5771,http://www.vrperio.ca/,www.vrperio.ca,"190 Victoria Rd Ext #104, Dartmouth, NS B3A 1W2, Canada",Dartmouth,Nova Scotia,5,4,Periodontist,https://www.google.com/maps/search/?api=1&query=Victoria%20Road%20Periodontal%20Associates&query_place_id=ChIJASCMAlkhWksRYTPRoNQi4dA
Dental Implant Crown Care,info@smiledentalimplantsexperts.com,,https://coleharbour.smiledentalimplantsexperts.com/?utm_source=GM&utm_medium=Cole,coleharbour.smiledentalimplantsexperts.com,"1021 Forest Hills Pkwy, Dartmouth, NS B2V 1E8, Canada",Dartmouth,Nova Scotia,0,0,Medical group,https://www.google.com/maps/search/?api=1&query=Dental%20Implant%20Crown%20Care&query_place_id=ChIJL61t2TslWksRbNJTLwf31eU
Dr. Mark Vallee,,+1 902-446-4881,http://valleeprosthodontics.com/,valleeprosthodontics.com,"18 Acadia St, Dartmouth, NS B2Y 4H3, Canada",Dartmouth,Nova Scotia,5,4,Dentist,https://www.google.com/maps/search/?api=1&query=Dr.%20Mark%20Vallee&query_place_id=ChIJhdukaL4jWksRnghIYM9zXXQ
Stadacona Dental Unit,dentcdlk@forces.gc.ca,+1 902-721-8960,https://www.canada.ca/en/department-national-defence/services/benefits-military/health-support/medical-dental-centers.html,www.canada.ca,"2639 Lorne Terrace, Halifax, NS B3K 3A8, Canada",Halifax,Nova Scotia,5,2,Dental clinic,https://www.google.com/maps/search/?api=1&query=Stadacona%20Dental%20Unit&query_place_id=ChIJL9x8WHshWksRZGCwzUQxtek
Schaefer Dental Lab,,+1 902-434-1800,,,"177 Main St, Dartmouth, NS B2X 1S1, Canada",Dartmouth,Nova Scotia,5,3,Dental laboratory,https://www.google.com/maps/search/?api=1&query=Schaefer%20Dental%20Lab&query_place_id=ChIJOdrQSqwhWksR1VfS2_WT5u4
