company_name,domain,contact_name,contact_title,subject,body,personalization_hook,sender_email,sender_name
PDS Health,pacificdentalservices.com,,,Fewer missed calls for PDS clinics,"Hi PDS Health team,

Running a network of dental clinics means front desks are constantly stretched — and every missed call is a missed patient.

We build AI Receptionists that answer 100% of incoming calls 24/7, book appointments, and follow up on missed calls automatically. Clinics typically recover 20-40% of calls that would have gone unanswered and see 10-25% more bookings without adding staff.

We also have an AI Outbound Agent that texts and calls new ad leads within 2 minutes and reactivates dormant patients from your CRM — all without manual effort from your team.

Both tools integrate with Jane, MindBody, and Square, and are custom-built per clinic.

Worth a 15-minute call to see if it's a fit for PDS? You can grab a time here: calendly.com/realsideai

Dylan Mitchell
dylan.realside@gmail.com","PDS Health (Pacific Dental Services) operates a large multi-location dental support organization, so the email references the operational reality of managing front desk capacity across a clinic network — a known pressure point for DSOs at their scale.",dylan.realside@gmail.com,Dylan Mitchell
Dental Care Alliance,dentalcarealliance.com,,,Supporting 390 practices — are missed calls slipping through?,"Hi DCA team,

Supporting 390 practices across General, Pediatrics, Specialty — that's a lot of phones ringing.

We built Realside AI specifically for multi-location dental groups. Our AI Receptionist answers every inbound call 24/7, books appointments, handles FAQs, and does live transfers — recovering 20-40% of calls that would otherwise go unanswered. Our Outbound Agent also re-engages dormant patients automatically.

For a network your size, even a small improvement in call capture compounds significantly across locations.

Would you be open to a 15-minute call to see if it's a fit? You can grab a time here: calendly.com/realsideai

Dylan Mitchell
dylan.realside@gmail.com","I referenced DCA's specific portfolio size — 390 total practices across three distinct divisions — to frame missed calls as a scaled operational problem, making the pain feel proportional to their actual footprint.",dylan.realside@gmail.com,Dylan Mitchell
Heartland Dental,heartland.com,,,"Supporting 3,100 doctors across 39 states — a thought on missed calls","Hi Heartland Dental team,

With 1,900+ supported offices, your front desks are fielding a serious volume of incoming calls every day. The reality is most dental offices miss 20-40% of those calls — and a lot of those patients just move on.

At Realside AI, we build AI Receptionists that answer every call 24/7, book appointments, and handle FAQs — without adding headcount. For a network your size, even a small recovery rate across offices adds up fast.

We also have an AI Outbound Agent that re-engages dormant leads from your CRM automatically — typically reactivating 5-15% of a database.

Would it make sense to grab 15 minutes this week to see if it's a fit for your supported offices?

Book here: calendly.com/realsideai

Dylan Mitchell
dylan.realside@gmail.com","The email references Heartland Dental's specific scale — 1,900+ supported offices and 3,100+ doctors across 39 states — directly from their homepage, framing the missed call problem as a network-wide opportunity rather than a single-clinic issue.",dylan.realside@gmail.com,Dylan Mitchell
Aspen Dental,aspendental.com,,,Filling the gaps between Aspen's chairs and your phones,"Hi Aspen Dental team,

With hundreds of locations running high patient volume, a single missed call likely means a missed appointment — and those add up fast across a network your size.

We build AI Receptionists for dental groups that answer every inbound call 24/7, book appointments, and follow up on missed calls automatically. Clinics typically recover 20-40% of calls that would've gone unanswered and see 10-25% more bookings without adding front desk staff.

We also have an AI Outbound Agent that re-engages dormant patients in your CRM — typically reactivating 5-15% of a cold list.

Both tools integrate with common practice management systems and are custom-built per clinic.

Would a quick 15-minute call this week make sense to see if it's a fit for Aspen?

Dylan Mitchell
dylan.realside@gmail.com
calendly.com/realsideai","Referenced Aspen Dental's large multi-location network model, which creates a well-known operational pressure point — high call volume across hundreds of clinics where missed calls directly translate to lost revenue at scale.",dylan.realside@gmail.com,Dylan Mitchell
Affordable Care,affordablecare.com,,,The non-clinical side of your 425 practices,"Hi Affordable Care team,

Your model is built around one idea: let dentists focus on dentistry while you handle everything else. That's a strong value prop across 425 practices.

One gap we see in similar DSO setups is phone coverage — front desks miss calls, leads from ads go cold, and appointment slots go unfilled. Our AI Inbound Receptionist answers every call 24/7, books appointments, and follows up on missed calls automatically. Practices typically recover 20-40% of missed calls and see 10-25% more bookings.

We also have an AI Outbound Agent that contacts new ad leads within 2 minutes and reactivates dormant patients — without adding headcount.

Would it make sense to connect for 15 minutes to see if this fits any of your affiliated practices?

You can grab a time here: calendly.com/realsideai

Dylan Mitchell
dylan.realside@gmail.com",I referenced Affordable Care's core operating model — providing 360-degree non-clinical support so dentists can focus on patients — and positioned the AI phone products as a natural extension of that same philosophy across their 425 affiliated practices.,dylan.realside@gmail.com,Dylan Mitchell
