company_name,domain,contact_name,contact_title,post_title,post_url,post_date,subject,body,personalization_hook,sender_email,sender_name
Dental Care Alliance,dentalcarealliance.com,,,Approximately 400 allied practices900+ dentists,https://www.dentalcarealliance.net/find-a-dentist-near-me/,,"400 practices, 900+ dentists — one missed call problem worth solving","Hi DCA Team,

Seeing that you support 400+ allied practices and 900+ dentists made me think about something we hear constantly from multi-location dental groups:

Front desks miss calls. Patients don't leave voicemails. Appointments walk out the door.

We built an AI Inbound Receptionist that answers every call 24/7, books appointments, and follows up on missed calls automatically. Across dental groups we work with, it typically recovers 20-40% of missed calls and adds 10-25% more bookings — without adding staff.

At your scale, even a modest improvement across practices compounds quickly.

Would you be open to a 15-minute call to see if it's worth exploring for DCA's network? Happy to share what we've seen with similar groups.

Dylan Mitchell
dylan.realside@gmail.com
calendly.com/realsideai","Referenced DCA's specific scale of 400 allied practices and 900+ dentists to frame the missed call problem as a compounding, network-wide revenue issue — making the AI receptionist solution feel immediately relevant to their operational reality.",dylan.realside@gmail.com,Dylan Mitchell
Dental Care Alliance,dentalcarealliance.com,,,"Helping leadingpractices, lead",https://www.dentalcarealliance.net/affiliations/,,Helping partner practices focus on care — not missed calls,"Hi DCA Team,

Your affiliations page puts it well — the whole point of your infrastructure is letting dentists laser-focus on patient care instead of back-office friction.

One friction point we keep seeing eat into that focus: phone calls that go unanswered and leads that go cold.

We build AI Receptionists that handle incoming calls 24/7, book appointments, and follow up on missed calls automatically. Partner practices typically recover 20-40% of missed calls and see 10-25% more bookings — without pulling clinicians or staff away from patients.

It feels like a natural fit for the kind of support infrastructure you're building for your network.

Would a 15-minute call make sense to explore whether this fits what DCA is building for its partners?

Dylan Mitchell
dylan.realside@gmail.com
calendly.com/realsideai","Referenced DCA's stated mission of providing infrastructure so dentists can 'laser-focus on patient care,' directly connecting that goal to how the AI receptionist removes phone-handling friction from clinical staff.",dylan.realside@gmail.com,Dylan Mitchell
Dental Care Alliance,dentalcarealliance.com,,,Your aspirations and goals are our mission,https://www.dentalcarealliance.net/dental-jobs/,,Supporting your team — especially when the phone rings after hours,"Hi DCA Team,

Your careers page talks about being genuinely committed to the people working across your practices — that stood out.

One thing we hear from dental office teams constantly: they're stretched thin, and after-hours calls or lunch-hour call spikes are where patients slip through the cracks.

We build AI Receptionists that cover those gaps — answering calls 24/7, booking appointments, handling FAQs, and following up on missed calls. It takes real pressure off front desk staff and typically recovers 20-40% of calls that would've gone unanswered.

For a network your size, it could meaningfully support your teams across the board.

Would you be open to a quick 15-minute call to see if it's a fit?

Dylan Mitchell
dylan.realside@gmail.com
calendly.com/realsideai","Referenced DCA's people-first language around supporting their team members, bridging to how the AI receptionist relieves real operational pressure on front desk staff — framing it as a staff support tool, not just a revenue play.",dylan.realside@gmail.com,Dylan Mitchell
Heartland Dental,heartland.com,,,Heartland Dental Monthly Growth Spotlight – February 2026,https://heartland.com/2026/03/05/heartland-dental-monthly-growth-spotlight-february-2026/,2026-03-05T16:25:10+00:00,Scaling to 6 new practices in one month — one thing that tends to break first,"Hi Heartland Dental team,

Saw the February Growth Spotlight — six new locations in a single month is genuinely impressive growth.

One pattern we've seen with expanding dental groups: front-desk capacity doesn't scale as fast as the clinic count does. Calls go unanswered, new-patient leads from ads sit for hours, and missed calls quietly walk to a competitor.

We build AI Receptionists and Outbound Agents specifically for multi-location dental groups — answering every call 24/7, booking appointments, and reaching new ad leads within 2 minutes. Groups like yours typically recover 20–40% of missed calls and see a meaningful lift in new-patient bookings without adding headcount.

Would a 15-minute call be worth it to see if this fits where Heartland is headed?

Dylan Mitchell
dylan.realside@gmail.com
calendly.com/realsideai","Referenced the addition of six new practices in February specifically, tying rapid multi-location expansion to the well-known operational pressure point of front-desk capacity failing to scale alongside clinic growth — a direct entry point for AI call handling.",dylan.realside@gmail.com,Dylan Mitchell
